hand,2_win,3_win,4_win,5_win,6_win,7_win,8_win,9_win,10_win,2_tie,3_tie,4_tie,5_tie,6_tie,7_tie,8_tie,9_tie,10_tie,EV_2p,rec_2p,tag_2p,EV_3p,rec_3p,tag_3p,EV_4p,rec_4p,tag_4p,EV_5p,rec_5p,tag_5p,EV_6p,rec_6p,tag_6p,EV_7p,rec_7p,tag_7p,EV_8p,rec_8p,tag_8p,EV_9p,rec_9p,tag_9p,EV_10p,rec_10p,tag_10p
AAo,0.8493351936340332,0.732083261,0.6360993981361389,0.5564618706703186,0.4896424412727356,0.4331477880477905,0.3850662112236023,0.343962163,0.3087176382541656,0.002714598,0.002298393,0.00222807,0.002232254,0.002244483,0.002240457,0.00222217,0.002185994,0.002136496,0.7013849853537977,Raise,Premium,1.199697373,Raise,Premium,1.548853733111173,Raise,Premium,1.7878899895586073,Raise,Premium,1.9445880951825525,Raise,Premium,2.0398761153919622,Raise,Premium,2.089418370276689,Raise,Premium,2.105496437870897,Raise,Premium,2.0978588620200744,Raise,Premium
AKs,0.6622280478477478,0.4983755946159363,0.4053168296813965,0.3451115787029266,0.3017732203006744,0.2681705951690674,0.2407872229814529,0.2178315669298172,0.1982612311840057,0.008248093,0.008863197,0.008954075,0.008912911,0.008854891,0.008799721,0.008748428,0.008695702,0.008629307,0.3327041883021593,Raise,Strong,0.5084215789102018,Raise,Premium,0.6391754690557718,Raise,Premium,0.7478401702828703,Raise,Premium,0.8372039953246706,Raise,Premium,0.9079931881278753,Raise,Premium,0.9612914957106107,Raise,Premium,0.9996147616766391,Raise,Premium,1.0257588475942607,Raise,Premium
AQs,0.6531481742858887,0.4841588735580444,0.3882044553756714,0.3265582621097564,0.2827785611152649,0.2494464814662933,0.2228260040283203,0.2009428143501281,0.1826409846544265,0.008944985,0.010003522,0.010324421,0.010381376,0.010337202,0.010246296,0.010120482,0.009967847,0.009792629,0.31524133402854204,Raise,Strong,0.4674819037318225,Raise,Strong,0.5734666641801596,Raise,Premium,0.6587447514757512,Raise,Premium,0.7276829723268745,Raise,Premium,0.781987408,Raise,Premium,0.8230899609625337,Raise,Premium,0.8533406397327772,Raise,Premium,0.8753729900345193,Raise,Premium
AJs,0.6439904570579529,0.4706133902072906,0.3727810978889465,0.3105872571468353,0.26701805,0.2343176454305648,0.2086205929517746,0.187801257,0.1706530153751373,0.009953323,0.011357615,0.011772314,0.011839466,0.011776326,0.011643861,0.011462462,0.011241918,0.010983551,0.2979342369362712,Call,Strong,0.4288765927776692,Raise,Strong,0.5146690197288988,Raise,Premium,0.5825349511578679,Raise,Premium,0.6374372784048312,Raise,Premium,0.6809770329855374,Raise,Premium,0.7148145921528335,Raise,Premium,0.7407999439164994,Raise,Premium,0.7614479083567851,Raise,Premium
ATs,0.6349000334739685,0.4578822255134582,0.3589692711830139,0.2968663871288299,0.2539070844650268,0.2220746576786041,0.1973362118005752,0.1775141209363937,0.161338523,0.011137356,0.012816098,0.013231087,0.013248977,0.013147254,0.012982345,0.012764311,0.012501174,0.012189943,0.28093742299824953,Call,Strong,0.3928708229213951,Raise,Strong,0.4623392578214407,Raise,Strong,0.5174543787725265,Raise,Premium,0.5628842702135437,Raise,Premium,0.5999608119018374,Raise,Premium,0.6297469399869435,Raise,Premium,0.6538823698647316,Raise,Premium,0.6743349470198148,Raise,Premium
A9s,0.6150855422019958,0.431089312,0.3305956125259399,0.2691122889518738,0.2275779992341995,0.197454885,0.1744754165410995,0.1563691943883896,0.1417963355779647,0.012715619,0.014419861,0.014472788,0.014109429,0.013687617,0.013262598,0.012829584,0.012386222,0.011916689,0.24288670346140862,Call,Strong,0.31489772722125053,Raise,Strong,0.35132802650332406,Raise,Strong,0.3808350171893835,Raise,Strong,0.4065308468416331,Raise,Strong,0.4286032849922772,Raise,Strong,0.44712166860699587,Raise,Strong,0.46306075016036585,Raise,Strong,0.47754679899662644,Raise,Strong
A8s,0.6051072478294373,0.4189857244491577,0.3187122642993927,0.2579517364501953,0.2173002809286117,0.1880651116371154,0.1659508198499679,0.1486718952655792,0.1348741054534912,0.014355808,0.016150106,0.016040893,0.015523531,0.01496835,0.014429394,0.013886938,0.013324801,0.012738902,0.22457030415534973,Call,Strong,0.28118233196437337,Call,Strong,0.3069308437407017,Raise,Strong,0.3285675086081026,Raise,Strong,0.3487067343667143,Raise,Strong,0.36695866100490004,Raise,Strong,0.3831543102860444,Raise,Strong,0.39800866134464674,Raise,Strong,0.4124355651438236,Raise,Strong
A7s,0.5938359498977661,0.4062325060367584,0.3068106174468994,0.2473563849925995,0.2079947292804718,0.1799100935459137,0.1588066667318344,0.1424023360013961,0.1293694227933883,0.015971154,0.017609937,0.017234037,0.016545996,0.01589389,0.015287735,0.0146814,0.014057829,0.013406981,0.2036430537700653,Call,Strong,0.24511242378503084,Call,Strong,0.2617105431854725,Call,Strong,0.2781469151377678,Call,Strong,0.2956500444561243,Call,Strong,0.3128777258098123,Raise,Strong,0.32917893305420853,Raise,Strong,0.34488125471398146,Raise,Strong,0.3607291318476191,Raise,Strong
A6s,0.5818098187446594,0.3930526673793793,0.2950049638748169,0.2373465150594711,0.199637085,0.1729613095521927,0.1530378311872482,0.1376093924045562,0.1253664791584015,0.017266588,0.018572392,0.017887784,0.017055178,0.016355749,0.015739139,0.015132788,0.014499545,0.013834108,0.18088622577488422,Call,Strong,0.20701659005135298,Call,Strong,0.21579542383551598,Call,Strong,0.22937052045017436,Call,Strong,0.24688975885510378,Call,Strong,0.2658161539584396,Call,Strong,0.2848338000476356,Call,Strong,0.3037324845790854,Raise,Strong,0.3228353299200535,Raise,Strong
A5s,0.5806291699409485,0.3945885598659515,0.29851073,0.2418807446956634,0.2046130299568176,0.1780294626951217,0.1580131649971008,0.1423954963684082,0.1299110651016235,0.018582867,0.019741129,0.018902494,0.017996067,0.017250612,0.0165985,0.015952155,0.015275397,0.014562198,0.1798412073403597,Call,Strong,0.21337737329304196,Call,Strong,0.23184790834784486,Call,Strong,0.2543938914313908,Call,Strong,0.2794300168752668,Call,Strong,0.30430099,Raise,Strong,0.3279139399528501,Raise,Strong,0.35029875533655286,Raise,Strong,0.3719216408208006,Raise,Strong
A4s,0.5713967084884644,0.3854462802410126,0.2909956276416778,0.2359633594751358,0.1999978423118591,0.174453005,0.1552421301603317,0.1402723640203476,0.1283136904239654,0.018953132,0.019779086,0.0186786,0.017603349,0.016738789,0.015996838,0.015280342,0.014545882,0.013788104,0.16174654848873615,Call,Strong,0.18600746989250183,Call,Strong,0.20133971050381616,Call,Strong,0.22382517,Call,Strong,0.2502034213393922,Call,Strong,0.2771599693223834,Call,Strong,0.30305840820074037,Raise,Strong,0.32790774572640613,Raise,Strong,0.35207742452621416,Raise,Strong
A3s,0.563364565,0.3772681653499603,0.2841570973396301,0.2305671721696853,0.1958121061325073,0.1712253242731094,0.1527556031942367,0.1383378207683563,0.1268021911382675,0.018845141,0.019428881,0.018162416,0.016961969,0.01600313,0.01518147,0.014403512,0.013626531,0.012840184,0.14557427167892456,Call,Strong,0.1609478173777461,Call,Strong,0.17295322194695473,Call,Strong,0.19524078443646387,Call,Strong,0.2228820268064735,Call,Strong,0.2517124139703806,Call,Strong,0.279658873,Call,Strong,0.30635977536439873,Raise,Strong,0.3322228332981465,Raise,Strong
A2s,0.5550705194473267,0.3685745894908905,0.276679665,0.2243967652320861,0.1907401978969574,0.1669795960187912,0.1491453349590301,0.1351929605007171,0.1240027993917465,0.018723296,0.019085428,0.017655363,0.016336277,0.015280992,0.014383683,0.013544264,0.012722586,0.0119079,0.12886433489620686,Call,Strong,0.1343519100919366,Call,Strong,0.14202938601374604,Call,Strong,0.1628245189785953,Call,Strong,0.19028416275978088,Call,Strong,0.21920006256550528,Call,Strong,0.24733973667025522,Call,Strong,0.2739882827736433,Call,Strong,0.29956749267876104,Call,Strong
KAo,0.6447227001190186,0.4728755056858063,0.3760356605052948,0.3138226866722107,0.2692409157752991,0.234762043,0.2067071497440338,0.1832102835178375,0.163190484,0.008504751,0.009247838,0.00935111,0.009297327,0.009223016,0.009150854,0.009084262,0.009016871,0.008936938,0.2979501513764262,Call,Strong,0.43249827343970537,Raise,Strong,0.522844862,Raise,Premium,0.5923567512072623,Raise,Premium,0.6431145425885914,Raise,Premium,0.6753622894175348,Raise,Premium,0.6899942457675934,Raise,Premium,0.6894684731960292,Raise,Premium,0.6765895299613471,Raise,Premium
KKo,0.8212096095085144,0.6863594651222229,0.5801721215248108,0.4954802989959717,0.4272518455982208,0.3718384504318237,0.3265174627304077,0.2891924679279327,0.2583322525024414,0.002784966,0.002363201,0.002319506,0.002374519,0.002446568,0.002513324,0.002565117,0.002601313,0.002622176,0.645204185,Raise,Premium,1.0626231968635693,Raise,Premium,1.325327497906983,Raise,Premium,1.4833377922186628,Raise,Premium,1.5708507779054344,Raise,Premium,1.6116657875245433,Raise,Premium,1.622400170192122,Raise,Premium,1.6144381185295051,Raise,Premium,1.596433404833078,Raise,Premium
KQs,0.6241134405136108,0.4609528183937073,0.3721414506435394,0.3150390386581421,0.2737625539302826,0.2417749315500259,0.2159840911626815,0.1946712881326675,0.1768492013216018,0.009921482,0.009943656,0.009810849,0.009725592,0.00967725,0.009642075,0.009597537,0.009538772,0.009460344,0.2581483628600836,Call,Strong,0.3977739387191832,Raise,Strong,0.508187501,Raise,Premium,0.5995091735385356,Raise,Premium,0.6716070733964441,Raise,Premium,0.7261717827059324,Raise,Premium,0.7662628777325144,Raise,Premium,0.7949660653248427,Raise,Premium,0.8157937331125131,Raise,Premium
KJs,0.6147992014884949,0.4475654065608978,0.3570720553398132,0.2995167672634125,0.2585622370243072,0.227327675,0.2025447636842727,0.1823972016572952,0.1658047586679458,0.010911793,0.011233539,0.011159129,0.011064844,0.010985521,0.010917069,0.010827811,0.010709638,0.010567503,0.24051019549369812,Call,Strong,0.35954652866348624,Raise,Strong,0.45060647837817625,Raise,Strong,0.5252459468320012,Raise,Premium,0.5843299841508265,Raise,Premium,0.6295034652575842,Raise,Premium,0.6636693514883514,Raise,Premium,0.6897681849077337,Raise,Premium,0.7108851019293061,Raise,Premium
KTs,0.6058973670005798,0.4353430271148681,0.3439106345176697,0.2864457368850708,0.2461191117763519,0.2157761454582214,0.1919876635074615,0.1728838235139846,0.1572963148355484,0.012017081,0.012527443,0.012433336,0.012309827,0.012213239,0.012133056,0.012023859,0.011876938,0.011695501,0.22381181456148624,Call,Strong,0.32482024515047647,Raise,Strong,0.4005092103034258,Raise,Strong,0.4630032517015932,Raise,Strong,0.5133543889969583,Raise,Premium,0.5528987152501936,Raise,Premium,0.5839967429637904,Raise,Premium,0.609400632,Raise,Premium,0.6314406553283329,Raise,Premium
K9s,0.586362898,0.4091003835201263,0.3161347508430481,0.2592160701751709,0.2201923131942749,0.1914377510547638,0.1692976951599121,0.1517596393823623,0.1375962942838668,0.013506467,0.013843325,0.013273747,0.012717194,0.012278016,0.011920056,0.011589129,0.011261649,0.010924568,0.18623226322233677,Call,Strong,0.24806613801047162,Call,Strong,0.2910864967852831,Call,Strong,0.32787333568558075,Raise,Strong,0.35798792634159327,Raise,Strong,0.38178445445373654,Raise,Strong,0.4007380791008468,Raise,Strong,0.4165141768753522,Raise,Strong,0.43058578483760246,Raise,Strong
K8s,0.5679628849029541,0.3861782848834991,0.2933038771152496,0.2378173768520355,0.2005721032619476,0.1735845506191253,0.1530729234218597,0.1370157897472381,0.1241776943206787,0.015221203,0.015406028,0.014507485,0.013730704,0.013163623,0.012724748,0.012335104,0.011947301,0.011549984,0.15114697255194187,Call,Strong,0.18164389720186547,Call,Strong,0.20223047770559743,Call,Strong,0.22341364389285423,Call,Strong,0.24292348977178313,Call,Strong,0.2596284719184032,Call,Strong,0.27392380312085085,Call,Strong,0.2869049631990488,Call,Strong,0.29952686373144344,Call,Strong
K7s,0.5584606528282166,0.3757038414478302,0.2834720611572265,0.2288644462823867,0.1925151497125625,0.1663796603679657,0.1466765701770782,0.1313279271125793,0.1191196218132972,0.016915029,0.016943427,0.015810093,0.014868372,0.014181182,0.01363021,0.013123567,0.012622063,0.012114297,0.13383633457124233,Call,Strong,0.1525266645476222,Call,Strong,0.1655084304511545,Call,Strong,0.18149316171184116,Call,Strong,0.19763444364070848,Call,Strong,0.21236335905268788,Call,Strong,0.22590683028101877,Call,Strong,0.2387506277300413,Call,Strong,0.2517677014693611,Call,Strong
K6s,0.5480640530586243,0.3647898733615875,0.2737585306167602,0.2205256968736648,0.1854099482297897,0.160324827,0.1415040642023086,0.1268805563449859,0.1152556389570236,0.018364683,0.018023621,0.016600203,0.01552145,0.014764095,0.014160525,0.013604347,0.013051415,0.012492858,0.11449278891086578,Call,Strong,0.12140505202114582,Call,Strong,0.1282345280051227,Call,Strong,0.14143210928887107,Call,Strong,0.15675197355449155,Call,Strong,0.17183562554419018,Call,Strong,0.1864499002695077,Call,Strong,0.20065637398511127,Call,Strong,0.21502067893743448,Call,Strong
K5s,0.5383427739143372,0.3551017642021179,0.2654407620429992,0.2136231958866119,0.1797348409891128,0.1556268632411956,0.1375592350959777,0.1235209926962852,0.1123492792248725,0.019602608,0.018851532,0.017162489,0.01595597,0.015130214,0.014486738,0.013897997,0.013313679,0.01271975,0.096288156,Call,Speculative,0.09358259,Call,Speculative,0.096088026,Call,Speculative,0.10800590366125062,Call,Strong,0.12379968911409311,Call,Strong,0.14009162411093623,Call,Strong,0.15606587007641726,Call,Strong,0.1716004898771637,Call,Strong,0.18709154427051455,Call,Strong
K4s,0.5288988947868347,0.3464081585407257,0.2584980130195617,0.2082398384809494,0.1755864918231964,0.1524489670991897,0.1351401209831237,0.1217027902603149,0.1110022589564323,0.019967951,0.018809585,0.016860908,0.01549239,0.014558592,0.01383451,0.013184863,0.012550882,0.011918632,0.07776574,Call,Speculative,0.067438853,Call,Speculative,0.067713868,Call,Speculative,0.079930167,Call,Speculative,0.097194727,Call,Speculative,0.11556355468928747,Call,Strong,0.13386042043566637,Call,Strong,0.15180408162996106,Call,Strong,0.1696157511323686,Call,Strong
K3s,0.5207464098930359,0.3386839628219604,0.2523561716079712,0.2035996913909912,0.172168493,0.1499894708395004,0.1334075480699539,0.1205262094736099,0.1102432981133461,0.019854529,0.018442191,0.016324678,0.01483559,0.01380825,0.013010978,0.012309083,0.011641471,0.010991159,0.061347349,Call,Speculative,0.043715175241231696,Call,Speculative,0.042074043,Call,Speculative,0.055087430868297815,Call,Speculative,0.074435711,Call,Speculative,0.095464718,Call,Speculative,0.11649671569466546,Call,Strong,0.13712250348180488,Call,Strong,0.15738877560943343,Call,Strong
K2s,0.5124329924583435,0.3309033513069153,0.246272862,0.1990986168384552,0.1689227670431137,0.1476842612028122,0.1317991763353347,0.1194312125444412,0.1095245108008384,0.01972652,0.018069835,0.015788907,0.014183289,0.013066635,0.012205697,0.011459011,0.010763124,0.010098791,0.044592505,Call,Speculative,0.019814807,Call,Speculative,0.016669262200593504,Call,Speculative,0.030951307620852964,Call,Speculative,0.052736509,Call,Speculative,0.076509767,Call,Speculative,0.1002294532954684,Call,Strong,0.12331496924161867,Call,Strong,0.14573906175792106,Call,Strong
QAo,0.6350998282432556,0.4576650857925415,0.3575609624385834,0.2936098873615265,0.2483646720647812,0.2139864861965179,0.186567798,0.1640493869781494,0.1452367603778839,0.009223502,0.010439457,0.010790651,0.010846046,0.010789674,0.01068454,0.010542217,0.010372439,0.010180159,0.27942315861582756,Call,Strong,0.3886544434353709,Raise,Strong,0.4518251512199638,Raise,Strong,0.4951645513065157,Raise,Strong,0.5225570537149904,Raise,Premium,0.5353012918494635,Raise,Premium,0.5347112528979767,Raise,Premium,0.5231204601004718,Raise,Premium,0.503268401,Raise,Premium
QKo,0.6043719053268433,0.4336162805557251,0.3415241539478302,0.2826943099498749,0.2403130531311035,0.2075260728597641,0.1811227798461914,0.1593451499938964,0.1411667317152023,0.010237142,0.010330179,0.010202341,0.010114846,0.010066403,0.010028122,0.009980094,0.009915788,0.009829746,0.21898095216602087,Call,Strong,0.31634411,Raise,Strong,0.38650129735469796,Raise,Strong,0.4387586642988024,Raise,Strong,0.47207752801477865,Raise,Strong,0.4877809369936583,Raise,Strong,0.48890261352062203,Raise,Strong,0.47872739471495085,Raise,Strong,0.4608160452917216,Raise,Strong
QQo,0.7963533997535706,0.6466677784919739,0.5324821472167969,0.4444395899772644,0.3759501278400421,0.3222384750843048,0.2797935307025909,0.2460115551948547,0.2189547717571258,0.002931349,0.002653463,0.002709743,0.00284142,0.002981127,0.003105572,0.003212166,0.003299011,0.003365383,0.5956381484866142,Raise,Premium,0.9439835296943782,Raise,Premium,1.135348075069487,Raise,Premium,1.2293014999013394,Raise,Premium,1.2646441480610515,Raise,Premium,1.2665388274472207,Raise,Premium,1.2511969115585084,Raise,Premium,1.228949544834904,Raise,Premium,1.206374634988605,Raise,Premium
QJs,0.5907416939735413,0.4303894639015198,0.3455235958099365,0.2908702492713928,0.2513744533061981,0.221027523,0.1969485878944397,0.1774573922157287,0.1615014970302581,0.011883473,0.011411946,0.011124555,0.011014375,0.01096685,0.010925334,0.010867705,0.010789807,0.010698518,0.19336686097085476,Call,Strong,0.3082863111048937,Raise,Strong,0.40434349328279495,Raise,Strong,0.4818871836178005,Raise,Strong,0.541147271,Raise,Premium,0.5854313317686313,Raise,Premium,0.619059522,Raise,Premium,0.6456706612370902,Raise,Premium,0.6685075592249619,Raise,Premium
QTs,0.5817427039146423,0.4185157120227813,0.3328731954097748,0.2783698439598083,0.2395411431789398,0.2101418375968933,0.1871434301137924,0.1687668263912201,0.1538564562797546,0.012970543,0.012575477,0.01224188,0.012112669,0.012065182,0.012029219,0.011963538,0.011869479,0.011751402,0.17645595129579306,Call,Strong,0.2744103521108623,Call,Strong,0.3559765424579382,Raise,Strong,0.42213089158758477,Raise,Strong,0.47344240639358715,Raise,Strong,0.5130951311439276,Raise,Premium,0.5450015924870963,Raise,Premium,0.5723140928894279,Raise,Premium,0.5973215736448763,Raise,Premium
Q9s,0.5622120499610901,0.3927020132541656,0.3056294620037079,0.2516684830188751,0.2141305059194564,0.1863089948892593,0.1649019867181778,0.1480270773172378,0.1344702392816543,0.014418341,0.013698168,0.012859611,0.012310423,0.011938792,0.011640591,0.011363581,0.011092077,0.010821341,0.13884244114160538,Call,Strong,0.19865329191088654,Call,Strong,0.24823706969618797,Call,Strong,0.2891184724867344,Call,Strong,0.320599411,Raise,Strong,0.34490503137931183,Raise,Strong,0.3646702170372007,Raise,Strong,0.3821580423973494,Raise,Strong,0.39880909584462554,Raise,Strong
Q8s,0.5442215800285339,0.3703683018684387,0.28337124,0.2307636588811874,0.194911391,0.1687547117471695,0.1488649994134903,0.1333305537700653,0.1209191754460334,0.016004752,0.014990694,0.01376697,0.012966475,0.012451492,0.012066519,0.011724094,0.011396317,0.011075328,0.10444791242480278,Call,Strong,0.13359094643965364,Call,Strong,0.16101890057325363,Call,Strong,0.18623448070138648,Call,Strong,0.20682282000780083,Call,Strong,0.22351579833775737,Call,Strong,0.23781637102365472,Call,Strong,0.25125841,Call,Strong,0.26456839498132334,Call,Strong
Q7s,0.5252417922019958,0.348329633,0.262275368,0.2114617526531219,0.1774964481592178,0.1530784666538238,0.1347184032201767,0.1204812005162239,0.1091762408614158,0.017784752,0.01632957,0.014724463,0.013743839,0.013147501,0.012715082,0.012339154,0.011976716,0.011613791,0.068268336,Call,Speculative,0.069483255,Call,Speculative,0.078550398,Call,Speculative,0.091668361,Call,Speculative,0.10442119278013662,Call,Strong,0.11605205247178607,Call,Strong,0.12710384279489517,Call,Strong,0.13822602713480547,Call,Strong,0.14983136299997502,Call,Strong
Q6s,0.5168463587760925,0.3397045731544494,0.2544089555740356,0.2044494450092315,0.171343595,0.1477081030607223,0.1300411969423294,0.1163764223456382,0.1055323854088783,0.019331912,0.017527318,0.015688449,0.01458695,0.013892724,0.0133588,0.012883945,0.012422815,0.011968843,0.053024629,Call,Speculative,0.045404696,Call,Speculative,0.049012721,Call,Speculative,0.058714599,Call,Speculative,0.069739741,Call,Speculative,0.080712521,Call,Speculative,0.091865357,Call,Speculative,0.1032904684543603,Call,Strong,0.11516806762665444,Call,Strong
Q5s,0.5071517825126648,0.3303271830081939,0.246436134,0.1979159563779831,0.1660494804382324,0.1433950364589691,0.1264749467372894,0.113386221,0.1029766052961349,0.020557864,0.01822513,0.016125409,0.014909805,0.014151447,0.013579056,0.013073436,0.012584472,0.012102593,0.034861428663134575,Call,Speculative,0.018319243565201537,Call,Speculative,0.017995353788137214,Call,Speculative,0.026854294,Call,Speculative,0.038751225,Call,Speculative,0.05129195,Call,Speculative,0.064093318,Call,Speculative,0.077106115,Call,Speculative,0.090279017,Call,Speculative
Q4s,0.4976325929164886,0.3219358921051025,0.2397879809141159,0.1927900612354278,0.1621429771184921,0.1404555290937423,0.1242780163884162,0.1117665097117424,0.1018075495958328,0.020920163,0.018122897,0.015763581,0.014393291,0.01352801,0.01287575,0.012312577,0.011781165,0.011268558,0.016185348853468895,Call,Speculative,-0.007007979,Fold,Speculative,-0.009320915,Fold,Speculative,-6.65E-05,Fold,Speculative,0.013441892,Call,Speculative,0.028253828,Call,Speculative,0.04347444,Call,Speculative,0.058913832,Call,Speculative,0.074418286,Call,Speculative
Q3s,0.4894382655620575,0.3143912255764007,0.2338097840547561,0.1882980912923813,0.1588561683893203,0.1381082087755203,0.1226404160261154,0.1106555163860321,0.1010821759700775,0.020803859,0.017736815,0.015206276,0.013706689,0.012746965,0.012027946,0.01141677,0.010855569,0.010330715,-0.000319609,Fold,Speculative,-0.030221101,Fold,Speculative,-0.034348311,Fold,Speculative,-0.024242822,Fold,Speculative,-0.008622096,Fold,Speculative,0.008855273,Call,Speculative,0.026790407,Call,Speculative,0.044749706,Call,Speculative,0.062475335784256014,Call,Speculative
Q2s,0.4810796678066253,0.3068247735500335,0.2279399633407592,0.1839882433414459,0.1557818800210952,0.1359599530696869,0.1211638674139976,0.1096797958016395,0.1004742458462715,0.020664621,0.017347546,0.014642198,0.013018725,0.011970104,0.011192207,0.010542407,0.00996153,0.009427191,-0.017176043,Fold,Speculative,-0.05350436,Fold,Speculative,-0.058955751,Fold,Speculative,-0.047511972,Fold,Speculative,-0.029398409,Fold,Speculative,-0.009107603,Fold,Speculative,0.011480566114186797,Call,Speculative,0.031945046,Call,Speculative,0.051878412,Call,Speculative
JAo,0.6253818869590759,0.4431699216365814,0.3409117758274078,0.2762134671211242,0.2310385853052139,0.1972015500068664,0.1706468015909195,0.1491643041372299,0.1314998865127563,0.010282761,0.011865639,0.012319147,0.012386602,0.012313983,0.012166937,0.011969457,0.011730055,0.011451824,0.26104653533548117,Call,Strong,0.34730822360143065,Raise,Strong,0.388285397,Raise,Strong,0.41203384147956945,Raise,Strong,0.4231734620407219,Raise,Strong,0.42299512913450554,Raise,Strong,0.4130522422492504,Raise,Strong,0.3952639861963685,Raise,Strong,0.3722579833120101,Raise,Strong
JKo,0.5944719910621643,0.4192686676979065,0.3252335488796234,0.2657580971717834,0.2235647141933441,0.1914445757865905,0.1660026758909225,0.1453724354505539,0.1284291893243789,0.011277988,0.011691829,0.011627389,0.011533168,0.011454338,0.011384408,0.011291426,0.011165034,0.01101275,0.20022196974605322,Call,Strong,0.27534374687820673,Call,Strong,0.32418897375464417,Raise,Strong,0.35762340622022704,Raise,Strong,0.37575129978358723,Raise,Strong,0.37995745847001583,Raise,Strong,0.37318710982799463,Raise,Strong,0.35859457217156887,Raise,Strong,0.3393556419759982,Raise,Strong
JQo,0.5691119432449341,0.4016966223716736,0.3139787912368774,0.2578049600124359,0.2173221260309219,0.1862768977880478,0.1617073863744735,0.1418906,0.1257506310939788,0.01228478,0.011845954,0.01155996,0.011457616,0.011418459,0.011382773,0.011326012,0.01124546,0.011149257,0.1505086664110422,Call,Strong,0.22285879775881745,Call,Strong,0.2790350858122108,Call,Strong,0.3176688388921318,Raise,Strong,0.33818813320249275,Raise,Strong,0.3437779885716734,Raise,Strong,0.3389631398022166,Raise,Strong,0.3276199740357688,Raise,Strong,0.31325259804725536,Raise,Strong
JJo,0.7715490460395813,0.6086956858634949,0.4886881411075592,0.3993397653102875,0.3322377204895019,0.2814159095287323,0.2425584644079208,0.2125562876462936,0.1891901344060897,0.003164096,0.002976185,0.00310505,0.003298566,0.003496217,0.003681724,0.003848959,0.003994665,0.004116206,0.5462621881160885,Raise,Premium,0.8305513350060207,Raise,Premium,0.9609626648016272,Raise,Premium,1.0049452426610515,Raise,Premium,1.003914973465725,Raise,Premium,0.9827974005602298,Raise,Premium,0.9558635493740437,Raise,Premium,0.9309825797099616,Raise,Premium,0.912482374,Raise,Premium
JTs,0.5615676045417786,0.4068998098373413,0.3263658285140991,0.2741138935089111,0.2364066243171692,0.2077813744544983,0.1854441463947296,0.1676954180002212,0.1533583104610443,0.013730068,0.012594386,0.012224671,0.012196209,0.012240992,0.012270973,0.012258347,0.012212304,0.012147426,0.1368652768433094,Call,Strong,0.23959100851789095,Call,Strong,0.32991265691816785,Raise,Strong,0.40105999074876264,Raise,Strong,0.455162722,Raise,Strong,0.4974180269055066,Raise,Strong,0.5325865596532819,Raise,Premium,0.5642141317948692,Raise,Premium,0.5943202329799531,Raise,Premium
J9s,0.5411261916160583,0.3810489773750305,0.2994095981121063,0.247839019,0.2115127295255661,0.1845092475414276,0.1637884378433227,0.1475346684455871,0.1345210373401641,0.015507353,0.01370652,0.01275771,0.012309355,0.012041247,0.011819217,0.011604288,0.011389514,0.011181315,0.097759737,Call,Speculative,0.16370671242475487,Call,Strong,0.2231538128107784,Call,Strong,0.26996848033741094,Call,Strong,0.3052001167088745,Raise,Strong,0.33293199352920055,Raise,Strong,0.3567246533930295,Raise,Strong,0.3790648267604406,Raise,Strong,0.40111695043742546,Raise,Strong
J8s,0.5231609344482422,0.3591631948947906,0.2776558697223663,0.2273852974176406,0.1926716566085815,0.167269617,0.1480174213647842,0.1330345422029495,0.1210919097065925,0.01703715,0.014793065,0.013452573,0.012777812,0.012384478,0.012080987,0.011802694,0.011533915,0.011281054,0.063359018,Call,Speculative,0.099679183,Call,Speculative,0.13752862438559488,Call,Strong,0.16887101670727067,Call,Strong,0.19318337365984872,Call,Strong,0.21317077567800835,Call,Strong,0.23135014623403483,Call,Strong,0.2492134976200755,Call,Strong,0.2673243694007392,Call,Strong
J7s,0.5045390725135803,0.3375784158706665,0.2568809390068054,0.2082858979701995,0.1753397136926651,0.1515554934740066,0.1336915791034698,0.1198566928505897,0.1088529080152511,0.01870724,0.015897093,0.014144751,0.01326518,0.012757666,0.012387024,0.012060819,0.011751341,0.011455579,0.027785385,Call,Speculative,0.036580887623131275,Call,Speculative,0.055813259,Call,Speculative,0.074592441,Call,Speculative,0.090311281,Call,Speculative,0.10424303915351563,Call,Strong,0.11777590960264162,Call,Strong,0.1315912688150993,Call,Strong,0.1458069738000627,Call,Strong
J6s,0.485791266,0.3168894648551941,0.2375753074884414,0.1909024864435196,0.159822479,0.1376562565565109,0.1211417913436889,0.1083904430270195,0.098269887,0.020317886,0.016867977,0.01478051,0.013794238,0.013260617,0.012877706,0.012545648,0.012227377,0.011911232,-0.008099582,Fold,Speculative,-0.02402964,Fold,Speculative,-0.02013775,Fold,Speculative,-0.011001973,Fold,Speculative,-0.001283276,Fold,Speculative,0.008665765,Call,Speculative,0.019316922873257925,Call,Speculative,0.030537183,Call,Speculative,0.042255033,Call,Speculative
J5s,0.4782151877880096,0.3096292316913605,0.2311312407255172,0.1853795349597931,0.1551707983016967,0.1337240636348724,0.1177701205015182,0.1054416000843048,0.095643118,0.021657808,0.01773563,0.015452622,0.014357911,0.013729418,0.013262336,0.012847915,0.012453387,0.012070835,-0.021911817,Fold,Speculative,-0.04450886,Fold,Speculative,-0.044569794,Fold,Speculative,-0.037207547,Fold,Speculative,-0.027786957,Fold,Speculative,-0.017513378,Fold,Speculative,-0.006447375,Fold,Speculative,0.005014644,Call,Speculative,0.016785353,Call,Speculative
J4s,0.4686959385871887,0.3015512824058532,0.2247749119997024,0.18051517,0.15149264,0.1309913247823715,0.1157436892390251,0.103959285,0.094580404,0.022026384,0.017570892,0.015037462,0.01378853,0.013058104,0.012515932,0.012051657,0.011618364,0.011207554,-0.040581739,Fold,Speculative,-0.068989814,Fold,Speculative,-0.070825428,Fold,Speculative,-0.062952825,Fold,Speculative,-0.051869847,Fold,Speculative,-0.039254963,Fold,Speculative,-0.025843859,Fold,Speculative,-0.012083801,Fold,Speculative,0.001841817,Call,Speculative
J3s,0.4604690968990326,0.2941850423812866,0.218980074,0.1762009412050247,0.1483976989984512,0.1288047581911087,0.1142385452985763,0.1029625311493873,0.093944915,0.021898266,0.017165428,0.014455102,0.013077452,0.012252911,0.011650755,0.011144278,0.010686725,0.010267201,-0.05716354,Fold,Speculative,-0.091696731,Fold,Speculative,-0.0951695,Fold,Speculative,-0.086301664,Fold,Speculative,-0.072855073,Fold,Speculative,-0.05758905,Fold,Speculative,-0.041514527,Fold,Speculative,-0.025246955,Fold,Speculative,-0.009214849,Fold,Speculative
J2s,0.4520851671695709,0.286784291,0.213276207,0.1720432341098785,0.1454697251319885,0.126783863,0.112862654,0.1020577400922775,0.093389884,0.021760164,0.016756007,0.013866238,0.012366611,0.011456623,0.010797618,0.010257395,0.009783695,0.00935779,-0.074069502,Fold,Speculative,-0.114513115,Fold,Speculative,-0.119162694,Fold,Speculative,-0.108867303,Fold,Speculative,-0.092811781,Fold,Speculative,-0.074721298,Fold,Speculative,-0.056069188,Fold,Speculative,-0.03745371,Fold,Speculative,-0.019312211,Fold,Speculative
TAo,0.6157055497169495,0.429506779,0.3259572982788086,0.261225551,0.2165789753198623,0.1835637241601944,0.157963291,0.1374962478876114,0.1208440139889717,0.011536387,0.013412668,0.01386384,0.013880255,0.013768649,0.01358987,0.013354565,0.013070268,0.012737227,0.2429474862292409,Call,Strong,0.3086393387056887,Raise,Strong,0.331556873,Raise,Strong,0.3408283935859797,Raise,Strong,0.3407797981053584,Raise,Strong,0.3325106147676704,Raise,Strong,0.31712458655238107,Raise,Strong,0.29628243530169107,Call,Strong,0.2721262732520693,Call,Strong
TKo,0.5849951505661011,0.4061571955680847,0.3109795153141022,0.2514636218547821,0.2098154872655868,0.1785461455583572,0.15409717,0.1345305740833282,0.1186349764466285,0.012448358,0.013062404,0.012977274,0.012854952,0.012760648,0.012680391,0.012568341,0.012414382,0.012221468,0.18243865948170424,Call,Strong,0.23806519201025367,Call,Strong,0.26987260952591896,Call,Strong,0.28945549018681027,Call,Strong,0.2971748663112517,Call,Strong,0.29420438688248374,Call,Strong,0.28305071964859874,Call,Strong,0.2666398850269609,Call,Strong,0.2474571028724306,Call,Strong
TQo,0.5595200657844543,0.3889487087726593,0.3002521991729736,0.244093046,0.2042051553726196,0.1740792393684387,0.1505933552980423,0.1319183111190796,0.1168692931532859,0.013436252,0.013079571,0.012746083,0.012624631,0.012588331,0.012561005,0.012498436,0.012402628,0.01227792,0.13247638382017612,Call,Strong,0.18646548222750403,Call,Strong,0.22650096192955926,Call,Strong,0.25202680472284533,Call,Strong,0.2629959266632793,Call,Strong,0.26251819171011403,Call,Strong,0.2547405846416948,Call,Strong,0.24307662434875943,Call,Strong,0.23008253052830585,Call,Strong
TJo,0.5382962822914124,0.3772438168525696,0.2942536473274231,0.2406660467386245,0.2020935267210006,0.1728976964950561,0.1502248644828796,0.1323245018720626,0.1179969757795333,0.014217501,0.0130645,0.012698523,0.012690812,0.012758956,0.012804175,0.012800166,0.012757899,0.012690703,0.090810065,Call,Speculative,0.15132820047438145,Call,Strong,0.20241163484752178,Call,Strong,0.23505726456642084,Call,Strong,0.25083802919834786,Call,Strong,0.25509848725050643,Call,Strong,0.2529995813965793,Call,Strong,0.24833106342703037,Call,Strong,0.2434232747182239,Call,Strong
TTo,0.7466171979904175,0.5723778605461121,0.4485216736793518,0.3595941662788391,0.2951228022575378,0.247877151,0.2128617167472839,0.1865538656711578,0.166534737,0.003515669,0.00332886,0.003490786,0.003743832,0.004013519,0.004275192,0.004514061,0.00472582,0.004904353,0.4967500646598637,Raise,Strong,0.7221268713474271,Raise,Premium,0.8010682663880289,Raise,Premium,0.8073304108111186,Raise,Premium,0.7827773699536915,Raise,Premium,0.7501032275613388,Raise,Premium,0.7209499776363368,Raise,Premium,0.7002509827725585,Raise,Premium,0.6898691328242408,Raise,Premium
T9s,0.5237324237823486,0.3737072646617889,0.296692818,0.2469022870063781,0.2114621549844741,0.1851297914981842,0.1650193482637405,0.1492780745029449,0.1366892606019973,0.016514422,0.013749131,0.012829443,0.012538906,0.012381634,0.012227784,0.012062582,0.011910865,0.011768904,0.06397927,Call,Speculative,0.1417454904876645,Call,Strong,0.21243015863001324,Call,Strong,0.2658587004989379,Call,Strong,0.3059178311377757,Raise,Strong,0.33870578417554476,Raise,Strong,0.36840511485934213,Raise,Strong,0.3971015634015196,Raise,Strong,0.4257371239364134,Raise,Strong
T8s,0.5051248669624329,0.3520024120807647,0.2752726376056671,0.226837009,0.1930576413869857,0.1683596521615982,0.1497056782245636,0.1352193057537078,0.1236643120646476,0.01825683,0.014768717,0.013435623,0.012922065,0.012641421,0.012409632,0.012191571,0.011991335,0.011809242,0.028506564,Call,Speculative,0.078160312,Call,Speculative,0.12796179577708222,Call,Strong,0.1664902092888949,Call,Strong,0.19627011008560613,Call,Strong,0.22195127746090293,Call,Strong,0.24641171097755388,Call,Strong,0.2709347596392029,Call,Strong,0.29568933043628864,Call,Strong
T7s,0.4864775538444519,0.3307863473892212,0.254862517,0.2080279439687729,0.1759530454874038,0.1527960747480392,0.1354570835828781,0.1220292374491691,0.1113489270210266,0.019878674,0.015686709,0.01394646,0.013247373,0.012861206,0.012566502,0.012300654,0.012064793,0.011843327,-0.007166218,Fold,Speculative,0.015889106318354607,Call,Speculative,0.047342988,Call,Speculative,0.073258151,Call,Speculative,0.094301892,Call,Speculative,0.11355528095737055,Call,Strong,0.13285928592085816,Call,Strong,0.15255470620468214,Call,Strong,0.1727059027180069,Call,Strong
T6s,0.4680254161357879,0.3103871047496795,0.2356531023979187,0.1905739158391952,0.1602179259061813,0.1385529190301895,0.1224117055535316,0.1099305748939514,0.099979028,0.021416454,0.016481902,0.014386114,0.013550682,0.013101446,0.012762971,0.012470446,0.012207275,0.011957854,-0.042532714,Fold,Speculative,-0.044115832,Fold,Speculative,-0.028615363,Fold,Speculative,-0.013253716,Fold,Speculative,0.000611895,Call,Speculative,0.014540832489728484,Call,Speculative,0.029175426810979177,Call,Speculative,0.044307913,Call,Speculative,0.059579551,Call,Speculative
T5s,0.4493923485279083,0.2906959056854248,0.2177039086818695,0.1747317910194397,0.1462690383195877,0.1260991096496582,0.1111197173595428,0.09952461,0.090254553,0.022771679,0.017099828,0.014748055,0.013848647,0.013393224,0.013075205,0.012802955,0.012553504,0.012305828,-0.078443624,Fold,Speculative,-0.102262542,Fold,Speculative,-0.099688254,Fold,Speculative,-0.091719429,Fold,Speculative,-0.082206097,Fold,Speculative,-0.071543013,Fold,Speculative,-0.059830442,Fold,Speculative,-0.047787745,Fold,Speculative,-0.035925334,Fold,Speculative
T4s,0.4420453906059265,0.2846990823745727,0.2127059698104858,0.1706785261631012,0.1430158615112304,0.12351279,0.1090475991368293,0.097864605,0.088923514,0.023267286,0.017159024,0.014623156,0.013566561,0.012974407,0.01253257,0.012156895,0.011817175,0.01149887,-0.092641933,Fold,Speculative,-0.120164216,Fold,Speculative,-0.119929809,Fold,Speculative,-0.112690967,Fold,Speculative,-0.102981611,Fold,Speculative,-0.091546476,Fold,Speculative,-0.078991625,Fold,Speculative,-0.066041263,Fold,Speculative,-0.053270509,Fold,Speculative
T3s,0.4338279068470001,0.2774892747402191,0.2070696949958801,0.1665180474519729,0.1400433033704757,0.12143033,0.1076126992702484,0.096905164,0.088294044,0.02314458,0.01673747,0.014018988,0.012833511,0.012155525,0.011654124,0.011239097,0.010881519,0.010555253,-0.109199606,Fold,Speculative,-0.14242597,Fold,Speculative,-0.143683244,Fold,Speculative,-0.135325984,Fold,Speculative,-0.123273604,Fold,Speculative,-0.109198257,Fold,Speculative,-0.094142016,Fold,Speculative,-0.078886685,Fold,Speculative,-0.064283292,Fold,Speculative
T2s,0.4254422783851623,0.2702547013759613,0.201531708,0.1625168174505233,0.1372501254081726,0.1195216253399849,0.1063319891691207,0.096066698,0.087783039,0.022997677,0.01630649,0.013405199,0.012091258,0.011327544,0.010780218,0.01033796,0.009966152,0.009637881,-0.126117766,Fold,Speculative,-0.164776161,Fold,Speculative,-0.167062769,Fold,Speculative,-0.157187769,Fold,Speculative,-0.142516615,Fold,Speculative,-0.125617859,Fold,Speculative,-0.107992247,Fold,Speculative,-0.090552031,Fold,Speculative,-0.073980208,Fold,Speculative
9Ao,0.5945077538490295,0.4006677865982055,0.2952704727649688,0.2310792505741119,0.1878688037395477,0.1566277146339416,0.1328796744346618,0.1142472103238105,0.099333331,0.013229711,0.015141138,0.01520933,0.014822744,0.014373296,0.013922431,0.013462617,0.012990851,0.012489303,0.2022452186793089,Call,Strong,0.2247150666080413,Call,Strong,0.21150055155157998,Call,Strong,0.19245311245322205,Call,Strong,0.17033271025866226,Call,Strong,0.14512250944971972,Call,Strong,0.11688786372542337,Call,Strong,0.086683722,Call,Speculative,0.055779825,Call,Speculative
9Ko,0.5640895366668701,0.3778995275497436,0.280917615,0.2218503504991531,0.181504026,0.1518785208463668,0.1291634142398834,0.111267939,0.096924052,0.014045389,0.014483918,0.013896874,0.013318935,0.012865489,0.01249586,0.012151593,0.011808416,0.011450891,0.14222446270287037,Call,Strong,0.15542445890605427,Call,Strong,0.15146420709788777,Call,Strong,0.14254909101873592,Call,Strong,0.12762062437832333,Call,Strong,0.10688515752553851,Call,Strong,0.081913687,Call,Speculative,0.054549324,Call,Speculative,0.026494973,Call,Speculative
9Qo,0.5386286973953247,0.361153245,0.2707639336585998,0.2150499671697616,0.1764399707317352,0.1479365825653076,0.1261266767978668,0.1090573221445083,0.095478848,0.014988609,0.014294871,0.013429484,0.012869638,0.012495179,0.012194357,0.011910174,0.011628034,0.011343476,0.092246003,Call,Speculative,0.10490204161033034,Call,Strong,0.1099147032946346,Call,Strong,0.10742393182590582,Call,Strong,0.096125361,Call,Speculative,0.078236327,Call,Speculative,0.056654111,Call,Speculative,0.03384205,Call,Speculative,0.011505858041346073,Call,Speculative
9Jo,0.5164138674736023,0.3494036495685577,0.2650664150714874,0.2120665311813354,0.1748731583356857,0.1473556160926818,0.1263885200023651,0.1100923046469688,0.097205877,0.01612013,0.014266605,0.013290018,0.01284426,0.012585631,0.012368489,0.012152328,0.011932319,0.011713567,0.048947865,Call,Speculative,0.069610857,Call,Speculative,0.086845696,Call,Speculative,0.092443306,Call,Speculative,0.086995842,Call,Speculative,0.074779024,Call,Speculative,0.059717473,Call,Speculative,0.044526177,Call,Speculative,0.030626608990132143,Call,Speculative
9To,0.4981390833854675,0.3421922922134399,0.2629843950271606,0.2120130658149719,0.1758728772401809,0.1491636037826538,0.1289358884096145,0.113280714,0.1009480059146881,0.017167423,0.014278846,0.013339751,0.013067298,0.012927557,0.012785472,0.012624597,0.012470964,0.012323455,0.013445589691400306,Call,Speculative,0.047995145,Call,Speculative,0.078617083,Call,Speculative,0.092733573,Call,Speculative,0.094019935,Call,Speculative,0.088894378,Call,Speculative,0.081985496,Call,Speculative,0.075645762,Call,Speculative,0.071097334,Call,Speculative
99o,0.716686487,0.5327619910240173,0.4082332253456116,0.3226543068885803,0.2630116641521454,0.2208447456359863,0.1905670911073684,0.1684311181306839,0.1519364416599273,0.003914379,0.003335804,0.003239965,0.003284376,0.003369943,0.003461018,0.003546054,0.003618279,0.003674316,0.4372873534448445,Raise,Strong,0.6032896786928177,Raise,Premium,0.639412831,Raise,Premium,0.6214824735652653,Raise,Premium,0.5881798139307646,Raise,Premium,0.5580267839832227,Raise,Premium,0.5387209448963397,Raise,Premium,0.5321623197523877,Raise,Premium,0.5377359942067408,Raise,Premium
98s,0.4886093139648437,0.3453600108623504,0.2717370092868805,0.2242101281881332,0.1909569054841995,0.1667647659778595,0.1486251950263977,0.1345951408147812,0.1234345212578773,0.019441064,0.014446087,0.012907139,0.012235885,0.011747671,0.011317761,0.010950384,0.010643149,0.010399451,-0.003340308,Fold,Speculative,0.057749163,Call,Speculative,0.11276231519877888,Call,Strong,0.15164035232737616,Call,Strong,0.18098444677889325,Call,Strong,0.20696552423760273,Call,Strong,0.2328030951321125,Call,Strong,0.25925043690949656,Call,Strong,0.2863424699753516,Call,Strong
97s,0.4698618054389953,0.3254020512104034,0.2531549334526062,0.207637534,0.1764375120401382,0.1540473103523254,0.1373913586139679,0.1245517954230308,0.1143174245953559,0.021274563,0.015282698,0.013346791,0.012504585,0.011925537,0.01144669,0.011048281,0.010721667,0.010461497,-0.039001826,Fold,Speculative,-0.000869799,Fold,Speculative,0.039313316345214844,Call,Speculative,0.06944913,Call,Speculative,0.094401684,Call,Speculative,0.11839458812028125,Call,Strong,0.1433239914476867,Call,Strong,0.1692136591300364,Call,Strong,0.19548173155635507,Call,Strong
96s,0.4514987766742706,0.3055192530155182,0.2345331609249115,0.1908194571733474,0.161363348,0.1404768824577331,0.1250153928995132,0.1131014376878738,0.1035838201642036,0.022773011,0.01593753,0.013662443,0.012686383,0.012042383,0.01152232,0.011096131,0.010747152,0.01046375,-0.074229436,Fold,Speculative,-0.059535947,Fold,Speculative,-0.034542469,Fold,Speculative,-0.014186757,Fold,Speculative,0.004307238,Call,Speculative,0.023666298,Call,Speculative,0.044507667,Call,Speculative,0.066275125,Call,Speculative,0.088156952,Call,Speculative
95s,0.433138371,0.2859742641448974,0.2165431976318359,0.1747827529907226,0.1470636278390884,0.1275309473276138,0.1130839437246322,0.1019271314144134,0.092988081,0.024087472,0.016434738,0.013882086,0.012806072,0.012117258,0.011577723,0.011145392,0.010789957,0.010495194,-0.109635787,Fold,Speculative,-0.1174251,Fold,Speculative,-0.106063038,Fold,Speculative,-0.094071055,Fold,Speculative,-0.081266458,Fold,Speculative,-0.06676134,Fold,Speculative,-0.05074688,Fold,Speculative,-0.034101011,Fold,Speculative,-0.017643216,Fold,Speculative
94s,0.4140555262565613,0.2673456072807312,0.200019434,0.1604208201169967,0.1345083266496658,0.1163916811347007,0.1030304059386253,0.092707008,0.084414572,0.024547096,0.016274173,0.013496987,0.012320026,0.011590884,0.011040652,0.010608841,0.010252123,0.009951998,-0.147341851,Fold,Speculative,-0.173551919,Fold,Speculative,-0.17292829,Fold,Speculative,-0.167095835,Fold,Speculative,-0.158177388,Fold,Speculative,-0.146615949,Fold,Speculative,-0.13332139,Fold,Speculative,-0.119502374,Fold,Speculative,-0.106094292,Fold,Speculative
93s,0.4081079661846161,0.2621307969093323,0.1956506073474884,0.1569697260856628,0.1318439096212387,0.1143321841955185,0.1014223173260688,0.091436796,0.08339233,0.024571911,0.016111635,0.013195775,0.011879275,0.011028769,0.010375017,0.009854569,0.009427917,0.009074919,-0.159212157,Fold,Speculative,-0.189440157,Fold,Speculative,-0.19100602,Fold,Speculative,-0.185453183,Fold,Speculative,-0.175850234,Fold,Speculative,-0.16336215,Fold,Speculative,-0.149203185,Fold,Speculative,-0.13464321,Fold,Speculative,-0.12070211,Fold,Speculative
92s,0.3997271060943603,0.2549978792667389,0.190231979,0.1530927121639251,0.1291470676660537,0.1124886199831962,0.100174107,0.090596288,0.082853906,0.024418412,0.015656315,0.012549728,0.011111358,0.010183596,0.009484973,0.008941435,0.008508034,0.008156638,-0.176127376,Fold,Speculative,-0.21152189,Fold,Marginal,-0.213972628,Fold,Marginal,-0.206758044,Fold,Marginal,-0.194566806,Fold,Speculative,-0.179382255,Fold,Speculative,-0.162841406,Fold,Speculative,-0.146347251,Fold,Speculative,-0.130677753,Fold,Speculative
8Ao,0.5837799310684204,0.3875811994075775,0.2823285460472107,0.2188402861356735,0.1765305548906326,0.146219715,0.1233962476253509,0.1056708917021751,0.091616891,0.014979496,0.016980134,0.016866939,0.016312214,0.015720692,0.015146379,0.014568984,0.013969678,0.01334606,0.18253935780376196,Call,Strong,0.18821379914879777,Call,Strong,0.16304806247353532,Call,Strong,0.13498196471482493,Call,Strong,0.1063454039394851,Call,Strong,0.076550336,Call,Speculative,0.045445915,Call,Speculative,0.013901574071496059,Call,Speculative,-0.017100786,Fold,Speculative
8Ko,0.5443877577781677,0.3532386720180511,0.2562206387519836,0.198586568,0.160082996,0.1323248744010925,0.1113630309700965,0.095081821,0.082199827,0.015887447,0.016164744,0.015226863,0.014416844,0.013830945,0.013378315,0.012972216,0.012564611,0.012142834,0.10466296225786209,Call,Strong,0.083963132,Call,Speculative,0.055336282,Call,Speculative,0.028974950313568115,Call,Speculative,0.00199081,Call,Speculative,-0.026901778,Fold,Speculative,-0.057206888,Fold,Speculative,-0.087722862,Fold,Speculative,-0.11728756,Fold,Speculative
8Qo,0.5193639397621155,0.3371146321296692,0.2466672956943512,0.1922939419746399,0.1554287225008011,0.1286746710538864,0.1084954291582107,0.092889547,0.080587655,0.016691947,0.015688283,0.014416025,0.013593744,0.013070417,0.012680417,0.012328693,0.011987492,0.011648463,0.055419827,Call,Speculative,0.034876321,Call,Speculative,0.015501233,Call,Speculative,-0.004545931,Fold,Speculative,-0.028216415,Fold,Speculative,-0.054895843,Fold,Speculative,-0.082721796,Fold,Speculative,-0.110050358,Fold,Speculative,-0.135881132,Fold,Speculative
8Jo,0.4971933364868164,0.3258687257766723,0.2415292561054229,0.1898142695426941,0.1542802602052688,0.1284475177526474,0.1090561673045158,0.094144031,0.082444236,0.017763728,0.015440507,0.014052547,0.013371855,0.012984145,0.012684071,0.012402018,0.012124693,0.011858038,0.012150401249527931,Call,Speculative,0.000766938,Call,Speculative,-0.005777882,Fold,Speculative,-0.017499015,Fold,Speculative,-0.035366005,Fold,Speculative,-0.056473126,Fold,Speculative,-0.077942591,Fold,Speculative,-0.098142599,Fold,Speculative,-0.116267455,Fold,Speculative
8To,0.4782259166240692,0.3188493847846985,0.2398035228252411,0.1901701092720031,0.1557458043098449,0.1307541728019714,0.1120916083455085,0.097809888,0.086630195,0.019037373,0.015379551,0.014006284,0.013504096,0.013239446,0.013019023,0.01280292,0.012597844,0.012405816,-0.024510793,Fold,Speculative,-0.020382519,Fold,Speculative,-0.012773341,Fold,Speculative,-0.015389213,Fold,Speculative,-0.025806836,Fold,Speculative,-0.039154212,Fold,Speculative,-0.052055452,Fold,Speculative,-0.063020706,Fold,Speculative,-0.071668969,Fold,Speculative
89o,0.4607295095920563,0.3121505677700043,0.2365679740905761,0.1880113631486892,0.1542288064956665,0.1298841834068298,0.1118670776486396,0.098172545,0.087513603,0.020283246,0.014994923,0.013397066,0.012722581,0.012233872,0.011797483,0.011421773,0.011103127,0.010847842,-0.058257734,Fold,Speculative,-0.041055912,Fold,Speculative,-0.026933972,Fold,Speculative,-0.028136733,Fold,Speculative,-0.037925545,Fold,Speculative,-0.049519525,Fold,Speculative,-0.059376288,Fold,Speculative,-0.066483019,Fold,Speculative,-0.070624756,Fold,Speculative
88o,0.6872012615203857,0.4960602819919586,0.3727212846279144,0.2914730310440063,0.2369579374790191,0.1996538490056991,0.1735757142305374,0.1548810750246048,0.1411270201206207,0.004454676,0.003472348,0.003246377,0.003244968,0.003315696,0.003402534,0.003489889,0.003566802,0.003627235,0.37885719910264015,Raise,Strong,0.4933893686393276,Raise,Strong,0.4973778929561372,Raise,Strong,0.46547757496591635,Raise,Strong,0.43169471225701206,Raise,Strong,0.40948581183329136,Raise,Strong,0.40256526786833957,Raise,Strong,0.4099802853306751,Raise,Strong,0.42940637422725514,Raise,Strong
87s,0.4568245410919189,0.3228276371955871,0.253141701,0.2084541469812393,0.1778090298175811,0.1559130251407623,0.1396449208259582,0.1270966529846191,0.1170536652207374,0.022524519,0.015049432,0.013148411,0.0123107,0.011693598,0.011194601,0.010806097,0.010512779,0.010298497,-0.063826399,Fold,Speculative,-0.00894294,Fold,Speculative,0.038863627,Call,Speculative,0.073047484,Call,Speculative,0.10193497221916847,Call,Strong,0.13057227851822928,Call,Strong,0.1603837534785264,Call,Strong,0.1911773844622071,Call,Strong,0.2220291374251242,Call,Strong
86s,0.4381932020187378,0.3038905560970306,0.235853299,0.1933030933141708,0.1646754294633865,0.1444530636072158,0.1294982284307479,0.117933489,0.108643815,0.024252364,0.015633618,0.01341033,0.012447669,0.011768377,0.01123793,0.01083301,0.010533645,0.010306702,-0.099361232,Fold,Speculative,-0.064877904,Fold,Speculative,-0.029766142,Fold,Speculative,-0.002365361,Fold,Speculative,0.023357708938419597,Call,Speculative,0.050504199,Call,Speculative,0.079317868,Call,Speculative,0.10880280612036564,Call,Strong,0.13797165919095145,Call,Strong
85s,0.4199351966381073,0.2847425639629364,0.2183182090520858,0.1777631044387817,0.1508717536926269,0.1319971084594726,0.1180439367890358,0.1072280406951904,0.098495722,0.025544465,0.016036533,0.013541701,0.012466526,0.011732128,0.011181721,0.010767587,0.010458843,0.01022093,-0.134585142,Fold,Speculative,-0.121717509,Fold,Speculative,-0.099643761,Fold,Speculative,-0.080018164,Fold,Speculative,-0.059573095,Fold,Speculative,-0.036884219,Fold,Speculative,-0.012578156,Fold,Speculative,0.012117159,Call,Speculative,0.036061868,Call,Speculative
84s,0.4010332822799682,0.2661141157150268,0.2015841454267501,0.163021445,0.1377883404493332,0.120175615,0.1071662232279777,0.097062789,0.088883445,0.025990561,0.015799886,0.013045897,0.011828385,0.011014711,0.010417073,0.009970713,0.009636221,0.009375732,-0.171942875,Fold,Speculative,-0.177957824,Fold,Speculative,-0.167571625,Fold,Speculative,-0.15532181,Fold,Speculative,-0.140225824,Fold,Speculative,-0.12231094,Fold,Speculative,-0.102787361,Fold,Speculative,-0.083071908,Fold,Speculative,-0.064286891,Fold,Speculative
83s,0.382870466,0.2481251507997512,0.1857600808143615,0.1493473052978515,0.1258734315633773,0.109584056,0.097551458,0.088166043,0.080525249,0.025905579,0.015416333,0.012497038,0.011213489,0.010386799,0.009801307,0.009371107,0.009051602,0.008800344,-0.20835349,Fold,Marginal,-0.232500049,Fold,Marginal,-0.231965601,Fold,Marginal,-0.225229751,Fold,Marginal,-0.213599012,Fold,Marginal,-0.198607035,Fold,Speculative,-0.18210391,Fold,Speculative,-0.165773401,Fold,Speculative,-0.15074579,Fold,Speculative
82s,0.3768114745616913,0.2429866045713424,0.1816033869981765,0.1461844593286514,0.1234858706593513,0.1077628955245018,0.096129827,0.087040156,0.079619296,0.025927395,0.01521604,0.012151119,0.010734436,0.009797515,0.009122636,0.008621593,0.00824091,0.00794669,-0.220449656,Fold,Marginal,-0.248216126,Fold,Marginal,-0.249284213,Fold,Marginal,-0.242241613,Fold,Marginal,-0.22969223,Fold,Marginal,-0.213730505,Fold,Marginal,-0.19647501,Fold,Speculative,-0.179554499,Fold,Speculative,-0.164073593,Fold,Speculative
7Ao,0.5716713666915894,0.3738105595111847,0.2694060504436493,0.2072629481554031,0.1663147807121276,0.1372330039739608,0.115508385,0.098748341,0.085547991,0.016716033,0.018534219,0.018124936,0.017384155,0.016686728,0.016041398,0.015398118,0.014735198,0.014042971,0.16005876660346985,Call,Strong,0.14923300687223673,Call,Strong,0.11387407407164551,Call,Strong,0.079775128,Call,Speculative,0.047948869,Call,Speculative,0.016775920987128323,Call,Speculative,-0.014340449,Fold,Speculative,-0.04495654,Fold,Speculative,-0.074305235,Fold,Speculative
7Ko,0.5341818332672119,0.341920793,0.2455131858587265,0.1887655109167099,0.1511957645416259,0.1243465542793273,0.1042593494057655,0.088766456,0.076592624,0.017700646,0.017800357,0.016605459,0.015617033,0.014902816,0.014330576,0.013800645,0.013271509,0.012732023,0.086064313,Call,Speculative,0.052462915,Call,Speculative,0.015263661742210166,Call,Speculative,-0.017129862,Fold,Speculative,-0.048116964,Fold,Speculative,-0.079417103,Fold,Speculative,-0.110722624,Fold,Speculative,-0.14138011,Fold,Speculative,-0.170413641,Fold,Speculative
7Qo,0.4990628659725189,0.3134218454360962,0.2238684594631195,0.171340987,0.1364673227071762,0.1115809977054596,0.093060151,0.078891166,0.067827508,0.018609742,0.017132895,0.015455653,0.014445116,0.01383849,0.013400828,0.013014748,0.012636635,0.012251385,0.016735474,Call,Speculative,-0.034035121,Fold,Speculative,-0.073614856,Fold,Speculative,-0.107182275,Fold,Speculative,-0.139680595,Fold,Speculative,-0.172030116,Fold,Speculative,-0.203459803,Fold,Marginal,-0.233114655,Fold,Marginal,-0.260467994,Fold,Marginal
7Jo,0.4772719442844391,0.302651584,0.2190525084733963,0.1690495908260345,0.1353794932365417,0.1112817376852035,0.093402885,0.079770632,0.06914258,0.019559316,0.016634988,0.014811096,0.013918492,0.013414824,0.013046664,0.012715452,0.012395081,0.012082204,-0.025896795,Fold,Speculative,-0.067092766,Fold,Speculative,-0.094167775,Fold,Speculative,-0.119955816,Fold,Speculative,-0.147478567,Fold,Speculative,-0.175364512,Fold,Speculative,-0.201915111,Fold,Marginal,-0.226286446,Fold,Marginal,-0.248163179,Fold,Marginal
7To,0.4582863748073578,0.2960410118103027,0.2177289873361587,0.1697176247835159,0.1370812058448791,0.1137470379471778,0.096521214,0.083424121,0.073242679,0.02078348,0.016375542,0.014574006,0.013881222,0.013510412,0.013223656,0.012957794,0.012714859,0.012481284,-0.06264377,Fold,Speculative,-0.087313652,Fold,Speculative,-0.099936038,Fold,Speculative,-0.11670882,Fold,Speculative,-0.13698153,Fold,Speculative,-0.157487937,Fold,Speculative,-0.175999116,Fold,Speculative,-0.191966044,Fold,Speculative,-0.205166786,Fold,Marginal
79o,0.4406889379024505,0.2907050549983978,0.2164632230997085,0.1699730902910232,0.1383534520864486,0.1159372553229332,0.099541008,0.087168619,0.077553637,0.02225584,0.015901372,0.013886991,0.013038081,0.012457393,0.011972617,0.011563596,0.011223841,0.010949703,-0.096366284,Fold,Speculative,-0.104032777,Fold,Speculative,-0.106373126,Fold,Speculative,-0.117539346,Fold,Speculative,-0.132507108,Fold,Speculative,-0.146535052,Fold,Speculative,-0.157417547,Fold,Speculative,-0.164975146,Fold,Speculative,-0.169715112,Fold,Speculative
78o,0.426940918,0.2883593142032623,0.2169521301984787,0.1714044362306594,0.1404436081647873,0.1186235025525093,0.1027205139398574,0.090732686,0.081401505,0.023574846,0.015617776,0.013643042,0.012799162,0.012177413,0.011670088,0.01127068,0.010967111,0.010742429,-0.122543318,Fold,Speculative,-0.111495394,Fold,Speculative,-0.104905395,Fold,Speculative,-0.110979913,Fold,Speculative,-0.120806111,Fold,Speculative,-0.128790173,Fold,Speculative,-0.133153167,Fold,Speculative,-0.134053824,Fold,Speculative,-0.132272811,Fold,Speculative
77o,0.6572752594947815,0.4611185789108276,0.3405618667602539,0.2644746005535126,0.2152760624885559,0.1826042979955673,0.160264641,0.1444726735353469,0.1328823417425155,0.005099586,0.003622484,0.003266785,0.003227262,0.003281433,0.003366322,0.003454102,0.003533304,0.003599806,0.3196501052007079,Raise,Strong,0.38878946227487154,Raise,Strong,0.3687810366973281,Raise,Strong,0.3304411573335526,Raise,Strong,0.30150067363865674,Raise,Strong,0.290012213,Call,Strong,0.29593353718519144,Call,Strong,0.3161539307329795,Raise,Strong,0.3468224450480186,Raise,Strong
76s,0.4283274710178375,0.3038005232810974,0.2374603301286697,0.1955359429121017,0.1674360334873199,0.1476519703865051,0.1330043673515319,0.1216307207942009,0.1124229580163955,0.025419692,0.01535215,0.013228707,0.012245384,0.011526086,0.01098321,0.010599293,0.010334998,0.01015759,-0.117925366,Fold,Speculative,-0.065570205,Fold,Speculative,-0.023701265,Fold,Speculative,0.008293175,Call,Speculative,0.03919446,Call,Speculative,0.072005028,Call,Speculative,0.10643211007118114,Call,Strong,0.1411839798092842,Call,Strong,0.175017529,Call,Strong
75s,0.4098365306854248,0.2855236530303955,0.2212108075618744,0.1816110014915466,0.1554952263832092,0.1372283697128296,0.1236942708492279,0.1131347939372062,0.1045205295085907,0.026957462,0.015710318,0.013313615,0.01222757,0.011461098,0.010907962,0.010527388,0.010267448,0.010092472,-0.153369477,Fold,Speculative,-0.119863563,Fold,Speculative,-0.08852954,Fold,Speculative,-0.061376068,Fold,Speculative,-0.032645348,Fold,Speculative,-0.001223545,Fold,Speculative,0.03166372,Call,Speculative,0.06441666,Call,Speculative,0.095667654,Call,Speculative
74s,0.3910975754261017,0.2671676874160766,0.2047759294509887,0.1671823412179947,0.1427110582590103,0.1256991624832153,0.1131012365221977,0.1032453179359436,0.095181227,0.027404331,0.015434863,0.012764739,0.011520332,0.01066403,0.010055142,0.009635536,0.009344519,0.009142307,-0.190400518,Fold,Speculative,-0.175344643,Fold,Speculative,-0.155366804,Fold,Speculative,-0.135287465,Fold,Speculative,-0.111741561,Fold,Speculative,-0.084912867,Fold,Speculative,-0.056647964,Fold,Speculative,-0.028741803,Fold,Speculative,-0.0024762,Fold,Speculative
73s,0.3730632364749908,0.2490425407886505,0.1886426210403442,0.1530646830797195,0.1301842629909515,0.1143382862210273,0.1025757491588592,0.093344167,0.085751183,0.027317703,0.015001944,0.012113006,0.010753038,0.00983938,0.00920313,0.008771275,0.008468153,0.008257657,-0.226555824,Fold,Marginal,-0.230369461,Fold,Marginal,-0.221203504,Fold,Marginal,-0.207793989,Fold,Marginal,-0.189376282,Fold,Speculative,-0.16742104,Fold,Speculative,-0.144308906,Fold,Speculative,-0.12179581,Fold,Speculative,-0.10119988,Fold,Speculative
72s,0.3543865084648132,0.231119767,0.1731170564889907,0.1397735476493835,0.1186205148696899,0.1040290296077728,0.093162514,0.084573671,0.077468202,0.027160613,0.014578328,0.011538655,0.010124676,0.009211865,0.008603224,0.008200971,0.007922067,0.007724621,-0.26406637,Fold,Marginal,-0.284773207,Fold,Marginal,-0.284454465,Fold,Marginal,-0.275820572,Fold,Marginal,-0.260641315,Fold,Marginal,-0.24168551,Fold,Marginal,-0.221896,Fold,Marginal,-0.203187656,Fold,Marginal,-0.186694878,Fold,Speculative
6Ao,0.5587339997291565,0.3595602810382843,0.2565799951553345,0.1963259875774383,0.1571396440267563,0.1295798420906067,0.1091519296169281,0.093470655,0.081151992,0.018119052,0.019558158,0.018807122,0.01790672,0.01715846,0.016504593,0.01586345,0.015193568,0.01448871,0.13558705151081085,Call,Strong,0.10801807977259137,Call,Strong,0.063934226,Call,Speculative,0.026396737,Call,Speculative,-0.005686756,Fold,Speculative,-0.035175029,Fold,Speculative,-0.063330762,Fold,Speculative,-0.090393047,Fold,Speculative,-0.116036529,Fold,Speculative
6Ko,0.5230205059051514,0.3301163613796234,0.2349310368299484,0.1796087622642517,0.1433477848768234,0.11763297,0.09852352,0.083843723,0.072331496,0.019263355,0.018952643,0.017440187,0.016302222,0.015512046,0.014884445,0.014302164,0.013721147,0.013129483,0.065304367,Call,Speculative,0.018778049387037754,Call,Speculative,-0.025395479,Fold,Speculative,-0.061200633,Fold,Speculative,-0.093377152,Fold,Speculative,-0.124473651,Fold,Speculative,-0.154603183,Fold,Speculative,-0.183661334,Fold,Speculative,-0.211037629,Fold,Marginal
6Qo,0.4900450706481933,0.3040718138217926,0.2152575403451919,0.1635982990264892,0.1296216994524002,0.1055771633982658,0.087827899,0.07430803,0.06377577,0.020274723,0.018410748,0.016480364,0.01533928,0.014628269,0.014081669,0.013589166,0.013105607,0.012623901,0.000364864,Call,Speculative,-0.060168437,Fold,Speculative,-0.106009111,Fold,Speculative,-0.143660304,Fold,Speculative,-0.178384997,Fold,Speculative,-0.211674015,Fold,Marginal,-0.243020147,Fold,Marginal,-0.272252497,Fold,Marginal,-0.299122794,Fold,Marginal
6Jo,0.4572028219699859,0.280393124,0.1981713473796844,0.1501643508672714,0.1184716150164604,0.096124321,0.079732023,0.067316279,0.057692159,0.021306286,0.017692091,0.01551394,0.014511392,0.013982483,0.013602925,0.013265526,0.012934748,0.012599828,-0.06428807,Fold,Speculative,-0.132282493,Fold,Speculative,-0.176286731,Fold,Speculative,-0.212899765,Fold,Marginal,-0.24722286,Fold,Marginal,-0.279519516,Fold,Marginal,-0.309081711,Fold,Marginal,-0.335947124,Fold,Marginal,-0.360079272,Fold,Marginal
6To,0.4385178089141845,0.2740675806999206,0.196920171,0.1507311314344406,0.1199224069714546,0.098204941,0.082304932,0.070278682,0.060936775,0.022449763,0.017245965,0.015069804,0.014237345,0.01380417,0.013474768,0.013181906,0.012910251,0.012646922,-0.100514619,Fold,Speculative,-0.15192831,Fold,Speculative,-0.182179706,Fold,Speculative,-0.21075098,Fold,Marginal,-0.239053047,Fold,Marginal,-0.265403728,Fold,Marginal,-0.288832918,Fold,Marginal,-0.309395736,Fold,Marginal,-0.32739764,Fold,Marginal
69o,0.4210390746593475,0.2693105041980743,0.1963070780038833,0.1516790241003036,0.1219100430607795,0.1011219918727874,0.086053528,0.074730285,0.06595166,0.023879677,0.016623601,0.014255109,0.01327107,0.012626156,0.012098812,0.011660692,0.011297503,0.010997412,-0.134042174,Fold,Speculative,-0.167133085,Fold,Speculative,-0.186261469,Fold,Speculative,-0.208427204,Fold,Marginal,-0.230661273,Fold,Marginal,-0.249800216,Fold,Marginal,-0.264929008,Fold,Marginal,-0.276588678,Fold,Marginal,-0.285496338,Fold,Marginal
68o,0.4069903194904327,0.2679885327816009,0.1982286125421524,0.1549109369516372,0.1260936260223388,0.1060917153954505,0.091632172,0.080754988,0.072286412,0.025446597,0.016262738,0.013951022,0.012981112,0.012298624,0.01175911,0.01134404,0.011033094,0.010793901,-0.160572764,Fold,Speculative,-0.171640295,Fold,Speculative,-0.179183505,Fold,Speculative,-0.192992535,Fold,Speculative,-0.206542372,Fold,Marginal,-0.216201108,Fold,Marginal,-0.221566461,Fold,Marginal,-0.223556188,Fold,Marginal,-0.223166374,Fold,Marginal
67o,0.3965684175491333,0.2682041823863983,0.2003350555896759,0.1577243655920028,0.1295244842767715,0.1100375205278396,0.095970489,0.085360087,0.077041239,0.026685441,0.015930522,0.013725391,0.012732551,0.012004575,0.011452013,0.011057903,0.010785058,0.010599849,-0.180177724,Fold,Speculative,-0.171491669,Fold,Speculative,-0.171208996,Fold,Speculative,-0.179546796,Fold,Speculative,-0.18683937,Fold,Speculative,-0.189655312,Fold,Speculative,-0.188004475,Fold,Speculative,-0.183226451,Fold,Speculative,-0.17658837,Fold,Speculative
66o,0.6270212531089783,0.4281080663204193,0.3118658065795898,0.2416057288646698,0.1977174133062362,0.1693175584077835,0.1501694172620773,0.1366642862558365,0.1266852170228958,0.005839395,0.003792501,0.003305481,0.003218465,0.003258409,0.003338028,0.003428336,0.003511088,0.00358076,0.2598819015547633,Call,Strong,0.2900129508925602,Call,Strong,0.2540741874836381,Call,Strong,0.21607480687089242,Call,Strong,0.19607970537617736,Call,Strong,0.1969060075934974,Call,Strong,0.21506868023425274,Call,Strong,0.24577847321052082,Call,Strong,0.28475597244687356,Call,Strong
65s,0.4034765958786011,0.2872417569160461,0.2239502221345901,0.1849161833524704,0.1592886745929718,0.1413660496473312,0.1280389428138733,0.117565207,0.108971469,0.027839482,0.015421995,0.013102921,0.011965903,0.011173964,0.010631604,0.010280787,0.01006805,0.009937852,-0.165207326,Fold,Speculative,-0.115141737,Fold,Speculative,-0.07799327,Fold,Speculative,-0.045504325,Fold,Speculative,-0.010746059,Fold,Speculative,0.026772961951792018,Call,Speculative,0.065434691,Call,Speculative,0.10339308809488923,Call,Strong,0.13940394949167945,Call,Strong
64s,0.3847858607769012,0.2698576748371124,0.2088425010442733,0.1720955222845077,0.1483130455017089,0.1317628920078277,0.1194629147648811,0.1097462326288223,0.1017215400934219,0.02852314,0.015130327,0.012542568,0.011246802,0.010369902,0.009781051,0.009398236,0.009161306,0.009017481,-0.201905139,Fold,Marginal,-0.167731485,Fold,Speculative,-0.13954486,Fold,Speculative,-0.111405383,Fold,Speculative,-0.079012022,Fold,Speculative,-0.043426076,Fold,Speculative,-0.006703738,Fold,Speculative,0.028941968921571304,Call,Speculative,0.062302808,Call,Speculative
63s,0.366864949,0.2519496083259582,0.192983791,0.1582578122615814,0.1360618770122528,0.1206918582320213,0.1092270165681839,0.100138284,0.092596166,0.028477421,0.014683709,0.011850536,0.010427983,0.009483805,0.008855721,0.008452604,0.008197419,0.008039002,-0.23779268,Fold,Marginal,-0.222125611,Fold,Marginal,-0.204363763,Fold,Marginal,-0.182640982,Fold,Speculative,-0.155177323,Fold,Speculative,-0.124161969,Fold,Speculative,-0.092373453,Fold,Speculative,-0.061867055,Fold,Speculative,-0.03384333,Fold,Speculative
62s,0.3483467698097229,0.2338838428258896,0.1771081984043121,0.1444272398948669,0.1237925365567207,0.1095421463251113,0.098866701,0.090342946,0.083236806,0.028317045,0.014208455,0.011176278,0.009650153,0.008658019,0.008014289,0.00760394,0.007345066,0.007178985,-0.274989415,Fold,Marginal,-0.27703579,Fold,Marginal,-0.269214651,Fold,Marginal,-0.253738418,Fold,Marginal,-0.231270724,Fold,Marginal,-0.205154965,Fold,Marginal,-0.178650631,Fold,Speculative,-0.153860686,Fold,Speculative,-0.131737016,Fold,Speculative
5Ao,0.5574108958244324,0.3611208498477936,0.2602291703224182,0.2010765373706817,0.1623784452676773,0.1349489092826843,0.1144511252641677,0.098599374,0.086060077,0.019539353,0.020796284,0.019868592,0.018883081,0.018084714,0.017393248,0.016709283,0.015993601,0.015239388,0.1343611441552639,Call,Strong,0.11455697566270806,Call,Strong,0.080653865,Call,Speculative,0.05259039,Call,Speculative,0.028524814173578994,Call,Speculative,0.005518734,Call,Speculative,-0.017553866,Fold,Speculative,-0.040634428,Fold,Speculative,-0.063202292,Fold,Speculative
5Ko,0.5125686526298523,0.3196399807929992,0.225849301,0.1720195859670639,0.137070745,0.1124256923794746,0.094156407,0.080146641,0.069159865,0.020613004,0.019846544,0.018042622,0.016765038,0.015901832,0.015231193,0.014614233,0.013998887,0.013370409,0.045750309,Call,Speculative,-0.011310242,Fold,Speculative,-0.060517553,Fold,Speculative,-0.097989476,Fold,Speculative,-0.129870033,Fold,Speculative,-0.159710978,Fold,Speculative,-0.188291814,Fold,Speculative,-0.215685246,Fold,Marginal,-0.241549303,Fold,Marginal
5Qo,0.4796285033226013,0.2939353585243225,0.2065483033657074,0.156396747,0.1237430348992347,0.1007780283689498,0.083861068,0.070996568,0.060971204,0.021610992,0.019164965,0.016947722,0.015681945,0.014901805,0.014314701,0.013789827,0.013276769,0.012765039,-0.019132001,Fold,Speculative,-0.089446478,Fold,Speculative,-0.139911342,Fold,Speculative,-0.178811405,Fold,Speculative,-0.212836376,Fold,Marginal,-0.244452348,Fold,Marginal,-0.273952149,Fold,Marginal,-0.301285432,Fold,Marginal,-0.326462764,Fold,Marginal
5Jo,0.4490657150745392,0.2725158631801605,0.1910934299230575,0.1440349072217941,0.1132648587226867,0.091709539,0.07594838,0.06402877,0.054791551,0.022760401,0.018628085,0.01623735,0.015118998,0.014487796,0.014016563,0.013590111,0.013176702,0.012769695,-0.079108169,Fold,Speculative,-0.154510283,Fold,Speculative,-0.20315158,Fold,Marginal,-0.24202797,Fold,Marginal,-0.276947461,Fold,Marginal,-0.308975254,Fold,Marginal,-0.338052515,Fold,Marginal,-0.364445914,Fold,Marginal,-0.388236012,Fold,Marginal
5To,0.4185698330402374,0.2528881430625915,0.177498773,0.1335134655237198,0.1047248393297195,0.08464399,0.070045926,0.059035175,0.050491516,0.023934685,0.017935736,0.015488631,0.014593327,0.014155841,0.013849247,0.013576332,0.013317691,0.013052389,-0.138925649,Fold,Speculative,-0.214431967,Fold,Marginal,-0.259027647,Fold,Marginal,-0.295949354,Fold,Marginal,-0.329183443,Fold,Marginal,-0.359019706,Fold,Marginal,-0.385327268,Fold,Marginal,-0.408753819,Fold,Marginal,-0.429822899,Fold,Marginal
59o,0.4013729095458984,0.2482763230800628,0.1768351644277572,0.1342496424913406,0.1063397526741027,0.087040283,0.07310731,0.062659964,0.054566402,0.025320174,0.01718571,0.014525177,0.013439496,0.01274993,0.012204724,0.011760271,0.011388763,0.011074058,-0.171934007,Fold,Speculative,-0.229392465,Fold,Marginal,-0.263608988,Fold,Marginal,-0.295153047,Fold,Marginal,-0.323711694,Fold,Marginal,-0.348001485,Fold,Marginal,-0.368100438,Fold,Marginal,-0.384810891,Fold,Marginal,-0.398965691,Fold,Marginal
58o,0.3874474167823791,0.2473839521408081,0.1792514473199844,0.1380224972963333,0.1110705584287643,0.092546962,0.0792123,0.069202267,0.061399709,0.026860651,0.016724018,0.014129092,0.01304513,0.012307206,0.011747672,0.011322275,0.011000758,0.010748056,-0.198244516,Fold,Speculative,-0.232762116,Fold,Marginal,-0.254736027,Fold,Marginal,-0.277274688,Fold,Marginal,-0.296655031,Fold,Marginal,-0.311054412,Fold,Marginal,-0.321012497,Fold,Marginal,-0.327676189,Fold,Marginal,-0.332262627,Fold,Marginal
57o,0.3767895400524139,0.2485504150390625,0.1827458888292312,0.1425831466913223,0.116510198,0.098683767,0.085864641,0.076184854,0.068562567,0.028364165,0.016341159,0.013852482,0.012755009,0.011981012,0.011419253,0.011028856,0.010759667,0.010574765,-0.218056755,Fold,Marginal,-0.229837016,Fold,Marginal,-0.241311481,Fold,Marginal,-0.255196743,Fold,Marginal,-0.264995778,Fold,Marginal,-0.269246244,Fold,Marginal,-0.26896745,Fold,Marginal,-0.265917815,Fold,Marginal,-0.261500505,Fold,Marginal
56o,0.3701424598693847,0.2506539225578308,0.1859563291072845,0.1464309990406036,0.1209156438708305,0.1035004705190658,0.09094163,0.081399426,0.073836692,0.029299755,0.016007751,0.01360459,0.012449146,0.01164493,0.011090479,0.010730518,0.010511311,0.010375751,-0.230415326,Fold,Marginal,-0.224026605,Fold,Marginal,-0.228965504,Fold,Marginal,-0.236722139,Fold,Marginal,-0.239571348,Fold,Marginal,-0.23668003,Fold,Marginal,-0.229544885,Fold,Marginal,-0.220104269,Fold,Marginal,-0.209754327,Fold,Marginal
55o,0.5964181423187256,0.3964936733245849,0.2853758633136749,0.2209934443235397,0.1820232719182968,0.1573077589273452,0.1407613605260849,0.1290420740842819,0.1202310845255851,0.00684253,0.004095372,0.00342426,0.003265175,0.003272876,0.003338514,0.003421058,0.003500932,0.003570648,0.1996788145042956,Call,Strong,0.19562407839111962,Call,Strong,0.14835197292268276,Call,Strong,0.11313015979248986,Call,Strong,0.10195825994014718,Call,Strong,0.11283911194186547,Call,Strong,0.13977511599659875,Call,Strong,0.17713285924401068,Call,Strong,0.22016408364288398,Call,Strong
54s,0.385316789,0.2749325037002563,0.2141329646110534,0.1775905340909958,0.1539145708084106,0.1373802125453949,0.1249661892652511,0.1150878742337226,0.1068582907319068,0.029201346,0.015281903,0.012807401,0.011562134,0.010760255,0.010256066,0.009958345,0.009795278,0.009708495,-0.200165076,Fold,Marginal,-0.152279635,Fold,Speculative,-0.11785334,Fold,Speculative,-0.083141994,Fold,Speculative,-0.04423181,Fold,Speculative,-0.002442281,Fold,Speculative,0.039562892168759634,Call,Speculative,0.079869621,Call,Speculative,0.11712538171559461,Call,Strong
53s,0.3675931096076965,0.2579402029514313,0.1995464414358139,0.1652786582708358,0.1433693766593933,0.1281230300664901,0.1166518032550811,0.1074609756469726,0.09975028,0.029334055,0.014834696,0.012114466,0.010741613,0.009878076,0.009344893,0.009032323,0.008859853,0.008765309,-0.235479726,Fold,Marginal,-0.203927347,Fold,Marginal,-0.177585302,Fold,Speculative,-0.146752676,Fold,Speculative,-0.110149513,Fold,Speculative,-0.070431666,Fold,Speculative,-0.030656282,Fold,Speculative,0.00701812,Call,Speculative,0.041329349,Call,Speculative
52s,0.349289209,0.2400950342416763,0.1838758438825607,0.1516434997320175,0.1312983483076095,0.1171734631061554,0.1065033078193664,0.097892307,0.090640768,0.029186785,0.014345986,0.011403119,0.009909877,0.008979849,0.008415937,0.008083122,0.007895376,0.007785349,-0.272234797,Fold,Marginal,-0.258195919,Fold,Marginal,-0.241690386,Fold,Marginal,-0.21700781,Fold,Marginal,-0.185270364,Fold,Speculative,-0.150329977,Fold,Speculative,-0.11564105,Fold,Speculative,-0.083440049,Fold,Speculative,-0.054665572,Fold,Speculative
4Ao,0.5473374128341675,0.3510594964027405,0.2518825232982635,0.1944502145051956,0.1571822166442871,0.130914882,0.1113369390368461,0.096231565,0.084297039,0.019965187,0.020843709,0.019624012,0.018452514,0.017523907,0.016735105,0.015977493,0.015201274,0.014401008,0.114640012,Call,Strong,0.084444053,Call,Speculative,0.046778116,Call,Speculative,0.018382357,Call,Speculative,-0.004334979,Fold,Speculative,-0.02502296,Fold,Speculative,-0.045394517,Fold,Speculative,-0.065510182,Fold,Speculative,-0.085024572,Fold,Speculative
4Ko,0.5022709965705872,0.3100531995296478,0.2181082218885421,0.1659564077854156,0.1323642581701278,0.108812004,0.0914106,0.078097105,0.067662351,0.021032952,0.019806825,0.017713675,0.01625816,0.015277346,0.014519792,0.013837142,0.013170444,0.012502647,0.025574945,Call,Speculative,-0.040130164,Fold,Speculative,-0.092139762,Fold,Speculative,-0.129572562,Fold,Speculative,-0.159982414,Fold,Speculative,-0.187496698,Fold,Speculative,-0.213366635,Fold,Marginal,-0.237859055,Fold,Marginal,-0.260863257,Fold,Marginal
4Qo,0.4692706167697906,0.2846921682357788,0.1991309821605682,0.1506126075983047,0.1192918792366981,0.097409844,0.081345581,0.069152541,0.059651241,0.022028174,0.019062568,0.016557654,0.015120772,0.014225488,0.013550284,0.012963935,0.012405961,0.01186252,-0.039430592,Fold,Speculative,-0.117329644,Fold,Speculative,-0.170360763,Fold,Speculative,-0.209135033,Fold,Marginal,-0.241572262,Fold,Marginal,-0.270705094,Fold,Marginal,-0.297379617,Fold,Marginal,-0.321800303,Fold,Marginal,-0.344174992,Fold,Marginal
4Jo,0.43871963,0.2636186480522156,0.1839889138936996,0.1385248452425003,0.1090604290366172,0.088566788,0.073617607,0.062334538,0.05358319,0.023184966,0.018458137,0.015791943,0.014502581,0.013760672,0.013208152,0.01272842,0.012273749,0.011837944,-0.099375773,Fold,Speculative,-0.18145685,Fold,Speculative,-0.232460458,Fold,Marginal,-0.271119321,Fold,Marginal,-0.30435541,Fold,Marginal,-0.333803956,Fold,Marginal,-0.360145461,Fold,Marginal,-0.38375729,Fold,Marginal,-0.40497838,Fold,Marginal
4To,0.4105627834796905,0.2462350279092788,0.1718594431877136,0.1288780570030212,0.1009727343916893,0.081656471,0.067660347,0.057140686,0.048989762,0.02449096,0.01800663,0.015356665,0.01428843,0.013702152,0.013260587,0.012876107,0.012521436,0.012180822,-0.154383473,Fold,Speculative,-0.234284971,Fold,Marginal,-0.281848898,Fold,Marginal,-0.31988864,Fold,Marginal,-0.353057137,Fold,Marginal,-0.381992649,Fold,Marginal,-0.407212798,Fold,Marginal,-0.42938737,Fold,Marginal,-0.449198274,Fold,Marginal
49o,0.380838543,0.2281128764152526,0.1588428765535354,0.1185616701841354,0.092627242,0.074908018,0.062211685,0.052727763,0.045391649,0.025851306,0.017042171,0.014142574,0.012949656,0.012216547,0.011658679,0.011213289,0.010839148,0.010517269,-0.212471608,Fold,Marginal,-0.290098114,Fold,Marginal,-0.336343346,Fold,Marginal,-0.37481751,Fold,Marginal,-0.407586907,Fold,Marginal,-0.434838498,Fold,Marginal,-0.457453366,Fold,Marginal,-0.476673969,Fold,Marginal,-0.493497163,Fold,Marginal
48o,0.3671082854270935,0.2272232323884964,0.1610390096902847,0.1219351589679718,0.096794702,0.079688765,0.067437731,0.058264669,0.051119316,0.027379176,0.01650024,0.013629668,0.012393551,0.01157134,0.010961617,0.010502686,0.010152794,0.009875234,-0.238404253,Fold,Marginal,-0.293579943,Fold,Marginal,-0.328584624,Fold,Marginal,-0.359340328,Fold,Marginal,-0.384517767,Fold,Marginal,-0.403812984,Fold,Marginal,-0.418487411,Fold,Marginal,-0.429930404,Fold,Marginal,-0.439430665,Fold,Marginal
47o,0.3566310405731201,0.22869128,0.1648649424314499,0.1268460601568222,0.1025719717144966,0.08615467,0.074412674,0.065557688,0.058594991,0.028882027,0.016078493,0.01329988,0.012034362,0.011164517,0.010542479,0.01011036,0.009807311,0.009593247,-0.257855892,Fold,Marginal,-0.289808421,Fold,Marginal,-0.313940471,Fold,Marginal,-0.335683794,Fold,Marginal,-0.351074618,Fold,Marginal,-0.360018636,Fold,Marginal,-0.364257172,Fold,Marginal,-0.365847904,Fold,Marginal,-0.366083858,Fold,Marginal
46o,0.3500230014324188,0.2318313270807266,0.169501781,0.1324185281991958,0.1089137867093086,0.093037844,0.081649393,0.072988547,0.066098869,0.030074861,0.015726624,0.013037101,0.011713827,0.010819092,0.010215615,0.009822052,0.009576448,0.00942348,-0.269879136,Fold,Marginal,-0.280916083,Fold,Marginal,-0.295918671,Fold,Marginal,-0.308622791,Fold,Marginal,-0.314060003,Fold,Marginal,-0.312980442,Fold,Marginal,-0.307516649,Fold,Marginal,-0.300009056,Fold,Marginal,-0.29189391,Fold,Marginal
45o,0.3507496118545532,0.2374841570854187,0.175382376,0.1385077834129333,0.115115687,0.099261045,0.087768719,0.078954324,0.071860306,0.030795835,0.015876185,0.013307275,0.01203683,0.01121997,0.010706297,0.010401499,0.010233575,0.010141853,-0.267704941,Fold,Marginal,-0.263733251,Fold,Marginal,-0.271855947,Fold,Marginal,-0.277369007,Fold,Marginal,-0.275645967,Fold,Marginal,-0.267700642,Fold,Marginal,-0.256244253,Fold,Marginal,-0.243359997,Fold,Marginal,-0.230687674,Fold,Marginal
44o,0.562565267,0.3634891510009765,0.2597774863243103,0.2029562145471573,0.1699939668178558,0.1495947539806366,0.1360160559415817,0.126290813,0.1188120543956756,0.007657441,0.004082807,0.003109378,0.002773582,0.002660575,0.002636523,0.002647756,0.002669513,0.002689363,0.13278797548264265,Call,Strong,0.096591663,Call,Speculative,0.045328701846301334,Call,Speculative,0.021715027,Call,Speculative,0.027945525,Call,Speculative,0.056391108,Call,Speculative,0.098719472,Call,Speculative,0.1486301252152764,Call,Strong,0.20156735996715658,Call,Strong
43s,0.3572893738746643,0.249958262,0.1926595121622085,0.1594761312007904,0.1383954733610153,0.1237214654684066,0.1126251071691513,0.1036886274814605,0.096147038,0.029141832,0.014306878,0.011378983,0.009863671,0.008918874,0.008338437,0.008001455,0.007812817,0.007708323,-0.25627942,Fold,Marginal,-0.228664898,Fold,Marginal,-0.206603985,Fold,Marginal,-0.177960167,Fold,Speculative,-0.142870538,Fold,Speculative,-0.104765211,Fold,Speculative,-0.066993322,Fold,Speculative,-0.031644678,Fold,Speculative,1.199636608317789e-05,Call,Speculative
42s,0.3391501307487488,0.2329466491937637,0.1782480627298355,0.1473933160305023,0.1280798017978668,0.1146683245897293,0.1044715791940689,0.096190475,0.08914195,0.029104611,0.013818352,0.010673163,0.009042001,0.008041653,0.007438611,0.007092047,0.006898779,0.006790136,-0.292595128,Fold,Marginal,-0.280432525,Fold,Marginal,-0.265661424,Fold,Marginal,-0.240428417,Fold,Marginal,-0.207396231,Fold,Marginal,-0.171286589,Fold,Speculative,-0.135859177,Fold,Speculative,-0.10324122,Fold,Speculative,-0.074629822,Fold,Speculative
3Ao,0.5385614037513733,0.3420464694499969,0.2442791312932968,0.188403234,0.1524727940559387,0.1272781640291214,0.1085510775446891,0.094083935,0.082642466,0.019890733,0.02048184,0.019070797,0.017759183,0.016725734,0.015851261,0.015027503,0.014207683,0.013379132,0.097013541,Call,Speculative,0.056862168,Call,Speculative,0.015258118510246055,Call,Speculative,-0.013585872,Fold,Speculative,-0.034986034,Fold,Speculative,-0.053573438,Fold,Speculative,-0.071481369,Fold,Speculative,-0.089310013,Fold,Speculative,-0.10667968,Fold,Speculative
3Ko,0.4933747947216034,0.3015318512916565,0.2112457156181335,0.1607143580913543,0.1284738481044769,0.1059988811612129,0.089430049,0.076756552,0.066807382,0.020950507,0.01942672,0.017140809,0.015550892,0.0144663,0.013628681,0.012891736,0.012189483,0.011503401,0.007700097,Call,Speculative,-0.066264366,Fold,Speculative,-0.120735519,Fold,Speculative,-0.15755098,Fold,Speculative,-0.185758012,Fold,Speculative,-0.210307448,Fold,Marginal,-0.232992664,Fold,Marginal,-0.254338359,Fold,Marginal,-0.274409176,Fold,Marginal
3Qo,0.4603306949138641,0.276368499,0.1924580931663513,0.1455429643392563,0.115563266,0.094738811,0.079484731,0.067900106,0.058849324,0.021943929,0.01866468,0.015963625,0.014384133,0.013382732,0.012635399,0.011998042,0.011409619,0.010854101,-0.057394681,Fold,Speculative,-0.142897483,Fold,Speculative,-0.198240377,Fold,Speculative,-0.236324846,Fold,Marginal,-0.266472208,Fold,Marginal,-0.292604426,Fold,Marginal,-0.316129986,Fold,Marginal,-0.337555758,Fold,Marginal,-0.357236261,Fold,Marginal
3Jo,0.4297403991222381,0.2554792761802673,0.177494615,0.1336257457733154,0.1055070906877517,0.086042963,0.07187622,0.061177503,0.052854128,0.023087973,0.018039808,0.015172401,0.013740355,0.012893894,0.012274856,0.011750286,0.011269566,0.010825176,-0.117431229,Fold,Speculative,-0.20650246,Fold,Marginal,-0.259676738,Fold,Marginal,-0.297520383,Fold,Marginal,-0.328275775,Fold,Marginal,-0.354737264,Fold,Marginal,-0.377989091,Fold,Marginal,-0.398689425,Fold,Marginal,-0.417332839,Fold,Marginal
3To,0.4015739560127258,0.2382510155439376,0.1655223816633224,0.1241321936249733,0.097542547,0.079231672,0.065986961,0.056020323,0.04826152,0.024401339,0.017570967,0.014714225,0.013502557,0.012819146,0.012312756,0.011886713,0.011511661,0.011163656,-0.172450749,Fold,Speculative,-0.258890503,Fold,Marginal,-0.308482023,Fold,Marginal,-0.34558264,Fold,Marginal,-0.376287282,Fold,Marginal,-0.40228365,Fold,Marginal,-0.424557459,Fold,Marginal,-0.444014616,Fold,Marginal,-0.461566526,Fold,Marginal
39o,0.3743036687374115,0.2222722321748733,0.1538712978363037,0.1145760118961334,0.089525692,0.072504066,0.060343195,0.05126844,0.044240069,0.025915118,0.016885754,0.013827349,0.012478991,0.01161094,0.010939409,0.01039728,0.009947577,0.009570217,-0.225477545,Fold,Marginal,-0.307854673,Fold,Marginal,-0.356860111,Fold,Marginal,-0.395922462,Fold,Marginal,-0.428013027,Fold,Marginal,-0.454183607,Fold,Marginal,-0.475665323,Fold,Marginal,-0.493819948,Fold,Marginal,-0.50974823,Fold,Marginal
38o,0.3475365936756134,0.2077161222696304,0.1437993496656417,0.1070033758878707,0.083798684,0.068169922,0.057036839,0.048705682,0.04220368,0.027339157,0.016129278,0.01307901,0.01177079,0.010931488,0.010333056,0.009889421,0.009553925,0.009284305,-0.277587656,Fold,Marginal,-0.352657717,Fold,Marginal,-0.398644581,Fold,Marginal,-0.435556144,Fold,Marginal,-0.464413431,Fold,Marginal,-0.486644854,Fold,Marginal,-0.5041476,Fold,Marginal,-0.518656197,Fold,Marginal,-0.531541676,Fold,Marginal
37o,0.3372077941894531,0.2090515047311782,0.1473041325807571,0.1114530935883522,0.088931099,0.073826462,0.063047774,0.054936767,0.048540317,0.028838802,0.015654646,0.01264013,0.01125112,0.010318981,0.009667423,0.009221091,0.008904072,0.008680048,-0.296745609,Fold,Marginal,-0.349363517,Fold,Marginal,-0.38550321,Fold,Marginal,-0.414606732,Fold,Marginal,-0.435456467,Fold,Marginal,-0.449378787,Fold,Marginal,-0.458733443,Fold,Marginal,-0.465500774,Fold,Marginal,-0.471196593,Fold,Marginal
36o,0.3307079374790191,0.2124245762825012,0.152232826,0.1173215731978416,0.095569104,0.081020899,0.070598073,0.062681839,0.056368783,0.030072978,0.015287674,0.012335118,0.010876825,0.009909107,0.009263153,0.008847407,0.008581161,0.008413141,-0.308511147,Fold,Marginal,-0.33979476,Fold,Marginal,-0.366398461,Fold,Marginal,-0.386200071,Fold,Marginal,-0.396858054,Fold,Marginal,-0.40043267,Fold,Marginal,-0.399825785,Fold,Marginal,-0.397248228,Fold,Marginal,-0.394246466,Fold,Marginal
35o,0.3316621482372284,0.2190780192613601,0.159492627,0.125066265,0.103620596,0.089208983,0.078795679,0.070782803,0.064304315,0.030986728,0.015435124,0.012603378,0.011197936,0.010314463,0.009767793,0.00944541,0.009265543,0.009165922,-0.305688975,Fold,Marginal,-0.319613256,Fold,Marginal,-0.336822737,Fold,Marginal,-0.346673833,Fold,Marginal,-0.347333035,Fold,Marginal,-0.341349844,Fold,Marginal,-0.331852928,Fold,Marginal,-0.32125983,Fold,Marginal,-0.311127244,Fold,Marginal
34o,0.3206839859485626,0.2105845361948013,0.1521436125040054,0.1188829317688942,0.098340079,0.084571868,0.074593171,0.066884294,0.060622577,0.030789893,0.014873718,0.011818361,0.010257247,0.009285776,0.008688204,0.008340304,0.008143753,0.008033664,-0.327842135,Fold,Marginal,-0.345935815,Fold,Marginal,-0.367788827,Fold,Marginal,-0.379942224,Fold,Marginal,-0.382102197,Fold,Marginal,-0.377588209,Fold,Marginal,-0.369893413,Fold,Marginal,-0.361394465,Fold,Marginal,-0.353605914,Fold,Marginal
33o,0.5284032225608826,0.3320854306221008,0.2368923723697662,0.187796876,0.1605036258697509,0.1439425349235534,0.132846788,0.124696098,0.1182186156511306,0.008531306,0.004099824,0.002809062,0.002295158,0.002061526,0.00194382,0.001879799,0.001839555,0.001810688,0.065337751,Call,Speculative,0.002406027,Call,Speculative,-0.046812387,Fold,Speculative,-0.055277725,Fold,Speculative,-0.030793668,Fold,Speculative,0.014401113381608877,Call,Speculative,0.070293495,Call,Speculative,0.1305428834166371,Call,Strong,0.1912395973922676,Call,Strong
32s,0.3309102952480316,0.2250338494777679,0.1716264486312866,0.1419541835784912,0.1234884932637214,0.1106420755386352,0.1008170396089553,0.092778772,0.08589974,0.028917806,0.013307542,0.009926381,0.008161911,0.007089491,0.006449227,0.006081298,0.005874019,0.005759995,-0.309261603,Fold,Marginal,-0.304937139,Fold,Marginal,-0.293641444,Fold,Marginal,-0.269824305,Fold,Marginal,-0.237800566,Fold,Marginal,-0.202933178,Fold,Marginal,-0.169138489,Fold,Speculative,-0.138557967,Fold,Speculative,-0.112202621,Fold,Speculative
2Ao,0.5294679999351501,0.3324713408946991,0.2359936833381652,0.1815529316663742,0.1468472182750702,0.1225956752896308,0.1045990660786628,0.090669826,0.079636283,0.019815331,0.02013246,0.018531175,0.01708385,0.015945006,0.014989716,0.0141011,0.013236116,0.012378544,0.078751331,Call,Speculative,0.027612712,Call,Speculative,-0.018962916,Fold,Speculative,-0.049525717,Fold,Speculative,-0.071081672,Fold,Speculative,-0.089366267,Fold,Speculative,-0.106803071,Fold,Speculative,-0.124409048,Fold,Speculative,-0.14174445,Fold,Speculative
2Ko,0.4842730164527893,0.2929404079914093,0.2044678181409835,0.1556679308414459,0.1248189136385917,0.1034050360321998,0.08763206,0.075547278,0.066035405,0.020867322,0.019047059,0.016572254,0.014849124,0.013665668,0.0127588,0.011974079,0.011242005,0.010542133,-0.010586645,Fold,Speculative,-0.092608187,Fold,Speculative,-0.14898422,Fold,Speculative,-0.184537537,Fold,Speculative,-0.210089515,Fold,Marginal,-0.231508948,Fold,Marginal,-0.251047205,Fold,Marginal,-0.269485476,Fold,Marginal,-0.286935288,Fold,Marginal
2Qo,0.4511716067790985,0.2680136859416961,0.1859063655138015,0.1406881958246231,0.1120781451463699,0.092303008,0.07781966,0.066807263,0.058183383,0.021850903,0.01826743,0.015365386,0.01364625,0.012546927,0.011734713,0.01105536,0.010444971,0.009881594,-0.075805884,Fold,Speculative,-0.168557797,Fold,Speculative,-0.225643765,Fold,Marginal,-0.262443397,Fold,Marginal,-0.289890349,Fold,Marginal,-0.31280745,Fold,Marginal,-0.333221279,Fold,Marginal,-0.351732268,Fold,Marginal,-0.368758197,Fold,Marginal
2Jo,0.4205512106418609,0.2472851276397705,0.1711029112339019,0.1289171874523162,0.1021622642874717,0.083722949,0.070295468,0.060140368,0.052223925,0.02299563,0.01762327,0.014549251,0.012978354,0.012037123,0.011356261,0.010794877,0.010296297,0.009845883,-0.135901948,Fold,Speculative,-0.231709712,Fold,Marginal,-0.286489854,Fold,Marginal,-0.322968179,Fold,Marginal,-0.350915046,Fold,Marginal,-0.374192445,Fold,Marginal,-0.394456748,Fold,Marginal,-0.412403354,Fold,Marginal,-0.428531341,Fold,Marginal
2To,0.3924010396003723,0.2302464842796325,0.1593206077814102,0.1196046099066734,0.094352745,0.077038549,0.064517029,0.055062968,0.047682662,0.024300791,0.017132616,0.014066098,0.012709786,0.011931422,0.011372874,0.010916094,0.010526254,0.010178552,-0.190897129,Fold,Speculative,-0.283561624,Fold,Marginal,-0.334585372,Fold,Marginal,-0.370202485,Fold,Marginal,-0.398089266,Fold,Marginal,-0.420925097,Fold,Marginal,-0.440199394,Fold,Marginal,-0.457065143,Fold,Marginal,-0.472280624,Fold,Marginal
29o,0.3651598989963531,0.2144009470939636,0.1478142589330673,0.1102001667022705,0.086453147,0.07039617,0.058917567,0.050318267,0.043639474,0.025805652,0.016420903,0.013146847,0.011659138,0.010705276,0.009983212,0.009415181,0.008957988,0.008583761,-0.24387455,Fold,Marginal,-0.332165805,Fold,Marginal,-0.382449271,Fold,Marginal,-0.419851322,Fold,Marginal,-0.449165287,Fold,Marginal,-0.472285569,Fold,Marginal,-0.490998738,Fold,Marginal,-0.506824651,Fold,Marginal,-0.52068646,Fold,Marginal
28o,0.3408834040164947,0.2019808292388916,0.1390873938798904,0.1033822298049926,0.081045464,0.066069469,0.055413138,0.047436595,0.041199375,0.027414564,0.015941571,0.012723295,0.011263484,0.010301774,0.009603844,0.009081485,0.008679525,0.008364956,-0.290818628,Fold,Marginal,-0.370145155,Fold,Marginal,-0.418203834,Fold,Marginal,-0.454930141,Fold,Marginal,-0.482821895,Fold,Marginal,-0.503900264,Fold,Marginal,-0.520368956,Fold,Marginal,-0.534012783,Fold,Marginal,-0.546181471,Fold,Marginal
27o,0.317093939,0.1896581500768661,0.1304248869419098,0.096990429,0.076372258,0.062677823,0.052924968,0.045566462,0.039743252,0.02873552,0.015248747,0.012065998,0.010614769,0.009681392,0.009057335,0.008639815,0.008346903,0.008136119,-0.337076603,Fold,Marginal,-0.40815243,Fold,Marginal,-0.454168456,Fold,Marginal,-0.488510934,Fold,Marginal,-0.512722272,Fold,Marginal,-0.529554568,Fold,Marginal,-0.542040993,Fold,Marginal,-0.552340778,Fold,Marginal,-0.561886885,Fold,Marginal
26o,0.3107545375823974,0.1928698420524597,0.1349912583827972,0.1022930815815925,0.08227016,0.068979308,0.059466038,0.052218903,0.046428971,0.029967677,0.014829488,0.011657692,0.010084692,0.009063491,0.008400545,0.007975965,0.007704536,0.007527096,-0.348523248,Fold,Marginal,-0.399146243,Fold,Marginal,-0.436719583,Fold,Marginal,-0.463322861,Fold,Marginal,-0.479188566,Fold,Marginal,-0.487742935,Fold,Marginal,-0.492367838,Fold,Marginal,-0.495359462,Fold,Marginal,-0.498074809,Fold,Marginal
25o,0.3119482398033142,0.1997661143541336,0.1424766331911087,0.1102537140250206,0.090543248,0.07739976,0.067908168,0.060578607,0.054645728,0.030898381,0.014962263,0.011887317,0.010348334,0.009392901,0.00881345,0.008469195,0.008272617,0.008155111,-0.345205139,Fold,Marginal,-0.378258262,Fold,Marginal,-0.406318834,Fold,Marginal,-0.422860595,Fold,Marginal,-0.428561809,Fold,Marginal,-0.427354601,Fold,Marginal,-0.422857877,Fold,Marginal,-0.41756576,Fold,Marginal,-0.412767161,Fold,Marginal
24o,0.3011629581451416,0.1921819746494293,0.136497751,0.1057518348097801,0.087162726,0.074813068,0.065859817,0.058910228,0.053228807,0.030818125,0.01439898,0.011106519,0.009418014,0.008385096,0.00776182,0.007402895,0.007200398,0.007084953,-0.366855958,Fold,Marginal,-0.401855606,Fold,Marginal,-0.431795958,Fold,Marginal,-0.447695792,Fold,Marginal,-0.451868359,Fold,Marginal,-0.449142154,Fold,Marginal,-0.443509882,Fold,Marginal,-0.437406152,Fold,Marginal,-0.432287167,Fold,Marginal
23o,0.2923945188522339,0.1836964339017868,0.1293469369411468,0.099840477,0.082157418,0.070422739,0.061883304,0.055209935,0.04972107,0.03063027,0.013858247,0.010310025,0.008476363,0.0073635,0.0066988,0.006316553,0.006099537,0.00597873,-0.384580692,Fold,Marginal,-0.428123328,Fold,Marginal,-0.461992202,Fold,Marginal,-0.479606706,Fold,Marginal,-0.484964992,Fold,Marginal,-0.483595029,Fold,Marginal,-0.479667354,Fold,Marginal,-0.475662669,Fold,Marginal,-0.472895656,Fold,Marginal
22o,0.4938462376594543,0.3023571372032165,0.2167137712240219,0.1753948032855987,0.1533801257610321,0.1401151120662689,0.1310263127088546,0.124080941,0.1183353438973426,0.009483539,0.004151312,0.002524683,0.001830422,0.001475149,0.001268889,0.001134644,0.001038223,0.000964267,-0.002823985,Fold,Speculative,-0.08670162,Fold,Speculative,-0.12809555,Fold,Speculative,-0.11844993,Fold,Speculative,-0.075293798,Fold,Speculative,-0.014753103,Fold,Speculative,0.052749076,Call,Speculative,0.12140047393040643,Call,Strong,0.18817477428819895,Call,Strong
